Name,Email,Financial Status,Paid at,Currency,Total,Refunded Amount,Referring Site
#1001,x@y.com,paid,2026-06-01 16:00:00 +0000,USD,153.63,,https://instagram.com/
#1001,x@y.com,paid,2026-06-01 16:00:00 +0000,USD,153.63,,https://instagram.com/
#1002,x@y.com,paid,2026-06-01 12:34:00 +0000,USD,81.66,,https://instagram.com/
#1003,x@y.com,paid,2026-06-01 17:29:00 +0000,USD,142.82,,https://l.facebook.com/
#1003,x@y.com,paid,2026-06-01 17:29:00 +0000,USD,142.82,,https://l.facebook.com/
#1004,x@y.com,paid,2026-06-01 07:30:00 +0000,USD,199.54,,https://instagram.com/
#1004,x@y.com,paid,2026-06-01 07:30:00 +0000,USD,199.54,,https://instagram.com/
#1005,x@y.com,paid,2026-06-01 15:33:00 +0000,USD,94.76,,
#1006,x@y.com,paid,2026-06-01 08:08:00 +0000,USD,92.34,,https://l.facebook.com/
#1007,x@y.com,paid,2026-06-01 09:20:00 +0000,USD,82.7,,https://l.facebook.com/
#1008,x@y.com,paid,2026-06-01 18:07:00 +0000,USD,110.27,,https://instagram.com/
#1009,x@y.com,paid,2026-06-01 00:24:00 +0000,USD,172.74,,
#1009,x@y.com,paid,2026-06-01 00:24:00 +0000,USD,172.74,,
#1010,x@y.com,paid,2026-06-01 20:34:00 +0000,USD,186.92,,https://instagram.com/
#1011,x@y.com,paid,2026-06-01 04:14:00 +0000,USD,147.91,,https://www.google.com/
#1012,x@y.com,paid,2026-06-01 06:13:00 +0000,USD,197.15,,https://l.facebook.com/
#1013,x@y.com,paid,2026-06-01 23:05:00 +0000,USD,195.16,,https://l.facebook.com/
#1014,x@y.com,paid,2026-06-01 17:50:00 +0000,USD,129.2,,
#1015,x@y.com,paid,2026-06-01 03:12:00 +0000,USD,104.49,,
#1016,x@y.com,paid,2026-06-01 16:40:00 +0000,USD,198.3,,https://l.facebook.com/
#1017,x@y.com,paid,2026-06-01 02:30:00 +0000,USD,144.37,,https://l.facebook.com/
#1018,x@y.com,paid,2026-06-01 18:30:00 +0000,USD,81.21,,https://www.google.com/
#1019,x@y.com,paid,2026-06-01 05:18:00 +0000,USD,103.02,,https://l.facebook.com/
#1020,x@y.com,paid,2026-06-01 02:48:00 +0000,USD,154.53,,https://www.google.com/
#1021,x@y.com,paid,2026-06-01 13:13:00 +0000,USD,121.14,,https://instagram.com/
#1022,x@y.com,paid,2026-06-01 05:26:00 +0000,USD,79.75,,
#1022,x@y.com,paid,2026-06-01 05:26:00 +0000,USD,79.75,,
#1023,x@y.com,paid,2026-06-01 19:10:00 +0000,USD,125.46,,
#1024,x@y.com,refunded,2026-06-01 22:56:00 +0000,USD,145.66,145.66,
#1024,x@y.com,refunded,2026-06-01 22:56:00 +0000,USD,145.66,145.66,
#1025,x@y.com,paid,2026-06-01 10:51:00 +0000,USD,153.2,,https://www.google.com/
#1026,x@y.com,paid,2026-06-01 05:52:00 +0000,USD,114.9,,
#1026,x@y.com,paid,2026-06-01 05:52:00 +0000,USD,114.9,,
#1027,x@y.com,paid,2026-06-01 11:49:00 +0000,USD,95.58,,https://instagram.com/
#1027,x@y.com,paid,2026-06-01 11:49:00 +0000,USD,95.58,,https://instagram.com/
#1028,x@y.com,paid,2026-06-01 02:51:00 +0000,USD,179.01,,
#1029,x@y.com,paid,2026-06-01 20:57:00 +0000,USD,117.82,,
#1030,x@y.com,paid,2026-06-01 10:13:00 +0000,USD,108.64,,https://www.google.com/
#1030,x@y.com,paid,2026-06-01 10:13:00 +0000,USD,108.64,,https://www.google.com/
#1031,x@y.com,paid,2026-06-01 15:41:00 +0000,USD,153.18,,https://instagram.com/
#1032,x@y.com,paid,2026-06-01 00:07:00 +0000,USD,170.57,,
#1033,x@y.com,paid,2026-06-01 01:48:00 +0000,USD,175.52,,https://instagram.com/
#1034,x@y.com,refunded,2026-06-01 08:57:00 +0000,USD,163.54,163.54,https://l.facebook.com/
#1035,x@y.com,paid,2026-06-01 18:54:00 +0000,USD,150.61,,
#1036,x@y.com,paid,2026-06-01 19:42:00 +0000,USD,162.22,,https://l.facebook.com/
#1037,x@y.com,paid,2026-06-01 05:54:00 +0000,USD,129.01,,https://instagram.com/
#1037,x@y.com,paid,2026-06-01 05:54:00 +0000,USD,129.01,,https://instagram.com/
#1038,x@y.com,paid,2026-06-01 15:26:00 +0000,USD,149.54,,https://instagram.com/
#1039,x@y.com,paid,2026-06-02 15:41:00 +0000,USD,130.61,,https://instagram.com/
#1040,x@y.com,paid,2026-06-02 09:01:00 +0000,USD,152.01,,https://www.google.com/
#1041,x@y.com,paid,2026-06-02 13:48:00 +0000,USD,179.97,,https://www.google.com/
#1041,x@y.com,paid,2026-06-02 13:48:00 +0000,USD,179.97,,https://www.google.com/
#1042,x@y.com,paid,2026-06-02 18:46:00 +0000,USD,84.97,,https://instagram.com/
#1043,x@y.com,paid,2026-06-02 15:16:00 +0000,USD,87.7,,https://instagram.com/
#1044,x@y.com,paid,2026-06-02 14:09:00 +0000,USD,84.0,,
#1045,x@y.com,paid,2026-06-02 14:07:00 +0000,USD,157.68,,https://www.google.com/
#1046,x@y.com,paid,2026-06-02 11:28:00 +0000,USD,191.67,,https://l.facebook.com/
#1047,x@y.com,paid,2026-06-02 18:43:00 +0000,USD,166.16,,https://l.facebook.com/
#1047,x@y.com,paid,2026-06-02 18:43:00 +0000,USD,166.16,,https://l.facebook.com/
#1048,x@y.com,paid,2026-06-02 04:18:00 +0000,USD,126.05,,
#1049,x@y.com,paid,2026-06-02 16:39:00 +0000,USD,109.47,,
#1050,x@y.com,paid,2026-06-02 22:37:00 +0000,USD,114.27,,
#1051,x@y.com,paid,2026-06-02 07:32:00 +0000,USD,161.57,,https://l.facebook.com/
#1052,x@y.com,refunded,2026-06-02 08:16:00 +0000,USD,194.0,194.0,https://l.facebook.com/
#1052,x@y.com,refunded,2026-06-02 08:16:00 +0000,USD,194.0,194.0,https://l.facebook.com/
#1053,x@y.com,refunded,2026-06-02 08:04:00 +0000,USD,81.55,81.55,https://l.facebook.com/
#1054,x@y.com,paid,2026-06-02 11:30:00 +0000,USD,198.5,,https://l.facebook.com/
#1054,x@y.com,paid,2026-06-02 11:30:00 +0000,USD,198.5,,https://l.facebook.com/
#1055,x@y.com,paid,2026-06-02 04:53:00 +0000,USD,124.74,,https://instagram.com/
#1056,x@y.com,paid,2026-06-02 06:28:00 +0000,USD,183.9,,
#1056,x@y.com,paid,2026-06-02 06:28:00 +0000,USD,183.9,,
#1057,x@y.com,paid,2026-06-02 04:41:00 +0000,USD,176.65,,https://l.facebook.com/
#1058,x@y.com,paid,2026-06-02 05:27:00 +0000,USD,116.4,,
#1059,x@y.com,paid,2026-06-02 17:05:00 +0000,USD,154.64,,https://l.facebook.com/
#1059,x@y.com,paid,2026-06-02 17:05:00 +0000,USD,154.64,,https://l.facebook.com/
#1060,x@y.com,paid,2026-06-02 09:52:00 +0000,USD,152.48,,https://www.google.com/
#1061,x@y.com,paid,2026-06-02 02:44:00 +0000,USD,88.04,,https://www.google.com/
#1062,x@y.com,paid,2026-06-02 04:14:00 +0000,USD,143.31,,https://l.facebook.com/
#1063,x@y.com,paid,2026-06-02 10:45:00 +0000,USD,164.76,,
#1063,x@y.com,paid,2026-06-02 10:45:00 +0000,USD,164.76,,
#1064,x@y.com,paid,2026-06-02 08:28:00 +0000,USD,153.14,,
#1065,x@y.com,paid,2026-06-02 23:57:00 +0000,USD,138.49,,
#1066,x@y.com,paid,2026-06-02 21:25:00 +0000,USD,89.13,,https://l.facebook.com/
#1066,x@y.com,paid,2026-06-02 21:25:00 +0000,USD,89.13,,https://l.facebook.com/
#1067,x@y.com,paid,2026-06-02 12:34:00 +0000,USD,183.09,,https://instagram.com/
#1068,x@y.com,paid,2026-06-02 14:56:00 +0000,USD,188.4,,https://l.facebook.com/
#1069,x@y.com,paid,2026-06-02 05:36:00 +0000,USD,185.16,,https://l.facebook.com/
#1070,x@y.com,paid,2026-06-02 02:37:00 +0000,USD,205.57,,
#1071,x@y.com,paid,2026-06-02 23:06:00 +0000,USD,182.02,,https://l.facebook.com/
#1072,x@y.com,paid,2026-06-02 23:52:00 +0000,USD,89.18,,https://l.facebook.com/
#1072,x@y.com,paid,2026-06-02 23:52:00 +0000,USD,89.18,,https://l.facebook.com/
#1073,x@y.com,paid,2026-06-02 16:21:00 +0000,USD,110.4,,
#1073,x@y.com,paid,2026-06-02 16:21:00 +0000,USD,110.4,,
#1074,x@y.com,paid,2026-06-02 21:08:00 +0000,USD,130.06,,
#1074,x@y.com,paid,2026-06-02 21:08:00 +0000,USD,130.06,,
#1075,x@y.com,paid,2026-06-02 19:58:00 +0000,USD,142.42,,https://l.facebook.com/
#1076,x@y.com,paid,2026-06-02 00:51:00 +0000,USD,132.2,,https://www.google.com/
#1076,x@y.com,paid,2026-06-02 00:51:00 +0000,USD,132.2,,https://www.google.com/
#1077,x@y.com,paid,2026-06-02 20:01:00 +0000,USD,188.07,,
#1078,x@y.com,paid,2026-06-02 13:58:00 +0000,USD,171.73,,https://instagram.com/
#1079,x@y.com,paid,2026-06-02 21:10:00 +0000,USD,110.44,,https://www.google.com/
#1080,x@y.com,paid,2026-06-02 01:30:00 +0000,USD,104.98,,https://l.facebook.com/
#1081,x@y.com,paid,2026-06-02 05:58:00 +0000,USD,174.46,,https://l.facebook.com/
#1082,x@y.com,refunded,2026-06-02 01:20:00 +0000,USD,177.41,177.41,https://instagram.com/
#1083,x@y.com,paid,2026-06-02 19:45:00 +0000,USD,104.09,,https://www.google.com/
#1083,x@y.com,paid,2026-06-02 19:45:00 +0000,USD,104.09,,https://www.google.com/
#1084,x@y.com,paid,2026-06-02 08:25:00 +0000,USD,156.51,,https://l.facebook.com/
#1085,x@y.com,paid,2026-06-03 08:31:00 +0000,USD,160.73,,https://www.google.com/
#1085,x@y.com,paid,2026-06-03 08:31:00 +0000,USD,160.73,,https://www.google.com/
#1086,x@y.com,paid,2026-06-03 02:30:00 +0000,USD,198.68,,https://www.google.com/
#1087,x@y.com,paid,2026-06-03 12:33:00 +0000,USD,130.72,,https://l.facebook.com/
#1088,x@y.com,paid,2026-06-03 00:55:00 +0000,USD,181.97,,
#1088,x@y.com,paid,2026-06-03 00:55:00 +0000,USD,181.97,,
#1089,x@y.com,paid,2026-06-03 13:38:00 +0000,USD,197.49,,https://l.facebook.com/
#1090,x@y.com,paid,2026-06-03 16:08:00 +0000,USD,132.88,,https://l.facebook.com/
#1091,x@y.com,paid,2026-06-03 05:00:00 +0000,USD,146.1,,https://www.google.com/
#1092,x@y.com,paid,2026-06-03 02:22:00 +0000,USD,186.43,,
#1093,x@y.com,paid,2026-06-03 22:29:00 +0000,USD,159.16,,
#1094,x@y.com,paid,2026-06-03 09:01:00 +0000,USD,204.13,,
#1095,x@y.com,paid,2026-06-03 14:13:00 +0000,USD,133.04,,https://l.facebook.com/
#1096,x@y.com,paid,2026-06-03 09:20:00 +0000,USD,149.73,,https://l.facebook.com/
#1097,x@y.com,paid,2026-06-03 21:45:00 +0000,USD,131.52,,
#1098,x@y.com,paid,2026-06-03 12:43:00 +0000,USD,125.48,,https://l.facebook.com/
#1098,x@y.com,paid,2026-06-03 12:43:00 +0000,USD,125.48,,https://l.facebook.com/
#1099,x@y.com,paid,2026-06-03 14:00:00 +0000,USD,176.56,,https://l.facebook.com/
#1099,x@y.com,paid,2026-06-03 14:00:00 +0000,USD,176.56,,https://l.facebook.com/
#1100,x@y.com,paid,2026-06-03 03:29:00 +0000,USD,171.95,,https://l.facebook.com/
#1101,x@y.com,paid,2026-06-03 19:09:00 +0000,USD,191.0,,https://www.google.com/
#1102,x@y.com,paid,2026-06-03 10:48:00 +0000,USD,160.87,,
#1102,x@y.com,paid,2026-06-03 10:48:00 +0000,USD,160.87,,
#1103,x@y.com,paid,2026-06-03 12:46:00 +0000,USD,151.34,,https://l.facebook.com/
#1104,x@y.com,paid,2026-06-03 23:40:00 +0000,USD,121.48,,https://www.google.com/
#1105,x@y.com,paid,2026-06-03 19:06:00 +0000,USD,136.99,,https://l.facebook.com/
#1106,x@y.com,paid,2026-06-03 12:02:00 +0000,USD,167.46,,https://l.facebook.com/
#1106,x@y.com,paid,2026-06-03 12:02:00 +0000,USD,167.46,,https://l.facebook.com/
#1107,x@y.com,paid,2026-06-03 05:07:00 +0000,USD,156.24,,https://l.facebook.com/
#1107,x@y.com,paid,2026-06-03 05:07:00 +0000,USD,156.24,,https://l.facebook.com/
#1108,x@y.com,paid,2026-06-03 13:59:00 +0000,USD,131.7,,
#1109,x@y.com,paid,2026-06-03 12:30:00 +0000,USD,163.44,,
#1110,x@y.com,paid,2026-06-03 19:44:00 +0000,USD,199.61,,
#1111,x@y.com,paid,2026-06-03 19:33:00 +0000,USD,207.62,,https://www.google.com/
#1112,x@y.com,paid,2026-06-03 14:06:00 +0000,USD,112.41,,https://l.facebook.com/
#1112,x@y.com,paid,2026-06-03 14:06:00 +0000,USD,112.41,,https://l.facebook.com/
#1113,x@y.com,paid,2026-06-03 03:39:00 +0000,USD,105.04,,https://l.facebook.com/
#1114,x@y.com,paid,2026-06-03 07:22:00 +0000,USD,111.51,,https://l.facebook.com/
#1115,x@y.com,paid,2026-06-03 22:45:00 +0000,USD,153.79,,
#1116,x@y.com,refunded,2026-06-03 02:08:00 +0000,USD,152.89,152.89,https://www.google.com/
#1117,x@y.com,paid,2026-06-03 02:59:00 +0000,USD,141.08,,https://l.facebook.com/
#1118,x@y.com,paid,2026-06-03 23:08:00 +0000,USD,113.13,,https://instagram.com/
#1119,x@y.com,paid,2026-06-03 17:58:00 +0000,USD,197.34,,https://www.google.com/
#1120,x@y.com,paid,2026-06-03 10:38:00 +0000,USD,100.25,,
#1121,x@y.com,paid,2026-06-03 11:15:00 +0000,USD,94.19,,https://l.facebook.com/
#1122,x@y.com,paid,2026-06-03 02:29:00 +0000,USD,187.66,,https://www.google.com/
#1123,x@y.com,paid,2026-06-03 21:08:00 +0000,USD,131.25,,
#1124,x@y.com,paid,2026-06-04 05:12:00 +0000,USD,159.21,,
#1124,x@y.com,paid,2026-06-04 05:12:00 +0000,USD,159.21,,
#1125,x@y.com,paid,2026-06-04 18:25:00 +0000,USD,139.78,,https://instagram.com/
#1126,x@y.com,paid,2026-06-04 10:03:00 +0000,USD,122.38,,https://l.facebook.com/
#1127,x@y.com,paid,2026-06-04 15:38:00 +0000,USD,173.26,,https://instagram.com/
#1128,x@y.com,paid,2026-06-04 22:36:00 +0000,USD,140.03,,https://www.google.com/
#1128,x@y.com,paid,2026-06-04 22:36:00 +0000,USD,140.03,,https://www.google.com/
#1129,x@y.com,paid,2026-06-04 22:26:00 +0000,USD,177.23,,
#1129,x@y.com,paid,2026-06-04 22:26:00 +0000,USD,177.23,,
#1130,x@y.com,paid,2026-06-04 10:33:00 +0000,USD,93.49,,
#1130,x@y.com,paid,2026-06-04 10:33:00 +0000,USD,93.49,,
#1131,x@y.com,refunded,2026-06-04 09:46:00 +0000,USD,133.49,133.49,
#1131,x@y.com,refunded,2026-06-04 09:46:00 +0000,USD,133.49,133.49,
#1132,x@y.com,paid,2026-06-04 09:56:00 +0000,USD,174.62,,
#1133,x@y.com,paid,2026-06-04 12:03:00 +0000,USD,110.25,,https://l.facebook.com/
#1133,x@y.com,paid,2026-06-04 12:03:00 +0000,USD,110.25,,https://l.facebook.com/
#1134,x@y.com,paid,2026-06-04 09:42:00 +0000,USD,169.73,,https://l.facebook.com/
#1134,x@y.com,paid,2026-06-04 09:42:00 +0000,USD,169.73,,https://l.facebook.com/
#1135,x@y.com,paid,2026-06-04 23:55:00 +0000,USD,202.11,,
#1136,x@y.com,paid,2026-06-04 07:41:00 +0000,USD,192.38,,
#1136,x@y.com,paid,2026-06-04 07:41:00 +0000,USD,192.38,,
#1137,x@y.com,paid,2026-06-04 04:07:00 +0000,USD,152.82,,https://l.facebook.com/
#1137,x@y.com,paid,2026-06-04 04:07:00 +0000,USD,152.82,,https://l.facebook.com/
#1138,x@y.com,paid,2026-06-04 10:11:00 +0000,USD,78.08,,https://l.facebook.com/
#1139,x@y.com,paid,2026-06-04 04:22:00 +0000,USD,136.18,,https://instagram.com/
#1140,x@y.com,refunded,2026-06-04 09:20:00 +0000,USD,84.06,84.06,
#1140,x@y.com,refunded,2026-06-04 09:20:00 +0000,USD,84.06,84.06,
#1141,x@y.com,paid,2026-06-04 06:12:00 +0000,USD,96.91,,
#1142,x@y.com,paid,2026-06-04 10:53:00 +0000,USD,191.39,,https://l.facebook.com/
#1143,x@y.com,refunded,2026-06-04 22:35:00 +0000,USD,196.71,196.71,https://www.google.com/
#1144,x@y.com,paid,2026-06-04 01:41:00 +0000,USD,148.37,,
#1145,x@y.com,paid,2026-06-04 08:55:00 +0000,USD,118.4,,
#1145,x@y.com,paid,2026-06-04 08:55:00 +0000,USD,118.4,,
#1146,x@y.com,paid,2026-06-04 14:26:00 +0000,USD,172.14,,https://www.google.com/
#1147,x@y.com,paid,2026-06-04 22:12:00 +0000,USD,100.36,,https://l.facebook.com/
#1148,x@y.com,paid,2026-06-04 08:23:00 +0000,USD,101.89,,https://www.google.com/
#1149,x@y.com,paid,2026-06-04 05:42:00 +0000,USD,155.87,,https://l.facebook.com/
#1150,x@y.com,paid,2026-06-04 02:28:00 +0000,USD,114.54,,https://l.facebook.com/
#1151,x@y.com,refunded,2026-06-04 09:34:00 +0000,USD,148.07,148.07,https://www.google.com/
#1152,x@y.com,paid,2026-06-04 06:15:00 +0000,USD,133.9,,https://l.facebook.com/
#1153,x@y.com,paid,2026-06-04 04:57:00 +0000,USD,114.84,,https://l.facebook.com/
#1154,x@y.com,paid,2026-06-04 00:59:00 +0000,USD,160.09,,https://www.google.com/
#1154,x@y.com,paid,2026-06-04 00:59:00 +0000,USD,160.09,,https://www.google.com/
#1155,x@y.com,paid,2026-06-04 11:20:00 +0000,USD,85.95,,
#1155,x@y.com,paid,2026-06-04 11:20:00 +0000,USD,85.95,,
#1156,x@y.com,paid,2026-06-04 20:43:00 +0000,USD,181.36,,https://instagram.com/
#1157,x@y.com,paid,2026-06-04 13:15:00 +0000,USD,156.39,,https://l.facebook.com/
#1157,x@y.com,paid,2026-06-04 13:15:00 +0000,USD,156.39,,https://l.facebook.com/
#1158,x@y.com,paid,2026-06-04 23:15:00 +0000,USD,150.31,,https://www.google.com/
#1159,x@y.com,paid,2026-06-04 15:16:00 +0000,USD,142.56,,https://www.google.com/
#1160,x@y.com,paid,2026-06-04 14:55:00 +0000,USD,104.73,,https://l.facebook.com/
#1161,x@y.com,paid,2026-06-04 13:32:00 +0000,USD,120.91,,https://www.google.com/
#1161,x@y.com,paid,2026-06-04 13:32:00 +0000,USD,120.91,,https://www.google.com/
#1162,x@y.com,paid,2026-06-04 03:58:00 +0000,USD,173.45,,https://l.facebook.com/
#1163,x@y.com,paid,2026-06-04 07:39:00 +0000,USD,153.09,,
#1164,x@y.com,paid,2026-06-04 19:47:00 +0000,USD,85.13,,https://www.google.com/
#1165,x@y.com,paid,2026-06-04 16:10:00 +0000,USD,179.02,,https://www.google.com/
#1165,x@y.com,paid,2026-06-04 16:10:00 +0000,USD,179.02,,https://www.google.com/
#1166,x@y.com,paid,2026-06-05 19:50:00 +0000,USD,110.75,,https://www.google.com/
#1166,x@y.com,paid,2026-06-05 19:50:00 +0000,USD,110.75,,https://www.google.com/
#1167,x@y.com,paid,2026-06-05 06:45:00 +0000,USD,86.07,,https://instagram.com/
#1168,x@y.com,paid,2026-06-05 04:09:00 +0000,USD,94.95,,https://www.google.com/
#1168,x@y.com,paid,2026-06-05 04:09:00 +0000,USD,94.95,,https://www.google.com/
#1169,x@y.com,paid,2026-06-05 13:56:00 +0000,USD,146.86,,https://l.facebook.com/
#1170,x@y.com,paid,2026-06-05 02:02:00 +0000,USD,90.07,,https://instagram.com/
#1171,x@y.com,paid,2026-06-05 13:29:00 +0000,USD,117.03,,
#1172,x@y.com,paid,2026-06-05 19:13:00 +0000,USD,201.08,,https://l.facebook.com/
#1173,x@y.com,paid,2026-06-05 23:21:00 +0000,USD,99.17,,
#1174,x@y.com,paid,2026-06-05 12:24:00 +0000,USD,139.06,,
#1175,x@y.com,paid,2026-06-05 17:51:00 +0000,USD,106.43,,https://l.facebook.com/
#1176,x@y.com,paid,2026-06-05 09:30:00 +0000,USD,141.38,,https://www.google.com/
#1176,x@y.com,paid,2026-06-05 09:30:00 +0000,USD,141.38,,https://www.google.com/
#1177,x@y.com,paid,2026-06-05 15:13:00 +0000,USD,142.71,,https://l.facebook.com/
#1177,x@y.com,paid,2026-06-05 15:13:00 +0000,USD,142.71,,https://l.facebook.com/
#1178,x@y.com,refunded,2026-06-05 08:39:00 +0000,USD,133.33,133.33,https://l.facebook.com/
#1179,x@y.com,paid,2026-06-05 18:59:00 +0000,USD,146.5,,https://instagram.com/
#1180,x@y.com,paid,2026-06-05 11:08:00 +0000,USD,113.46,,https://l.facebook.com/
#1181,x@y.com,paid,2026-06-05 10:53:00 +0000,USD,173.5,,https://l.facebook.com/
#1181,x@y.com,paid,2026-06-05 10:53:00 +0000,USD,173.5,,https://l.facebook.com/
#1182,x@y.com,paid,2026-06-05 08:49:00 +0000,USD,137.39,,https://instagram.com/
#1183,x@y.com,paid,2026-06-05 06:09:00 +0000,USD,117.9,,https://instagram.com/
#1184,x@y.com,paid,2026-06-05 17:44:00 +0000,USD,82.19,,https://instagram.com/
#1185,x@y.com,paid,2026-06-05 14:42:00 +0000,USD,146.24,,https://l.facebook.com/
#1185,x@y.com,paid,2026-06-05 14:42:00 +0000,USD,146.24,,https://l.facebook.com/
#1186,x@y.com,paid,2026-06-05 22:28:00 +0000,USD,97.43,,https://l.facebook.com/
#1186,x@y.com,paid,2026-06-05 22:28:00 +0000,USD,97.43,,https://l.facebook.com/
#1187,x@y.com,paid,2026-06-05 03:18:00 +0000,USD,96.04,,https://instagram.com/
#1188,x@y.com,paid,2026-06-05 00:47:00 +0000,USD,123.53,,https://l.facebook.com/
#1188,x@y.com,paid,2026-06-05 00:47:00 +0000,USD,123.53,,https://l.facebook.com/
#1189,x@y.com,paid,2026-06-05 09:42:00 +0000,USD,152.7,,
#1190,x@y.com,paid,2026-06-05 21:07:00 +0000,USD,199.32,,https://www.google.com/
#1191,x@y.com,paid,2026-06-05 13:07:00 +0000,USD,108.97,,https://l.facebook.com/
#1191,x@y.com,paid,2026-06-05 13:07:00 +0000,USD,108.97,,https://l.facebook.com/
#1192,x@y.com,paid,2026-06-05 09:31:00 +0000,USD,143.07,,
#1193,x@y.com,paid,2026-06-05 05:22:00 +0000,USD,107.25,,https://l.facebook.com/
#1194,x@y.com,paid,2026-06-05 04:30:00 +0000,USD,146.7,,
#1195,x@y.com,paid,2026-06-05 00:57:00 +0000,USD,170.58,,https://www.google.com/
#1195,x@y.com,paid,2026-06-05 00:57:00 +0000,USD,170.58,,https://www.google.com/
#1196,x@y.com,paid,2026-06-05 08:03:00 +0000,USD,93.88,,
#1196,x@y.com,paid,2026-06-05 08:03:00 +0000,USD,93.88,,
#1197,x@y.com,paid,2026-06-05 10:56:00 +0000,USD,143.41,,https://instagram.com/
#1198,x@y.com,refunded,2026-06-05 11:36:00 +0000,USD,87.54,87.54,https://l.facebook.com/
#1199,x@y.com,paid,2026-06-05 15:24:00 +0000,USD,112.57,,https://l.facebook.com/
#1200,x@y.com,paid,2026-06-05 06:49:00 +0000,USD,204.01,,https://www.google.com/
#1201,x@y.com,paid,2026-06-05 13:04:00 +0000,USD,160.81,,https://instagram.com/
#1202,x@y.com,paid,2026-06-05 12:02:00 +0000,USD,87.02,,https://instagram.com/
#1203,x@y.com,paid,2026-06-05 15:01:00 +0000,USD,168.21,,https://instagram.com/
#1204,x@y.com,paid,2026-06-06 16:00:00 +0000,USD,113.61,,https://l.facebook.com/
#1204,x@y.com,paid,2026-06-06 16:00:00 +0000,USD,113.61,,https://l.facebook.com/
#1205,x@y.com,paid,2026-06-06 17:05:00 +0000,USD,78.46,,
#1206,x@y.com,paid,2026-06-06 22:13:00 +0000,USD,112.86,,https://l.facebook.com/
#1206,x@y.com,paid,2026-06-06 22:13:00 +0000,USD,112.86,,https://l.facebook.com/
#1207,x@y.com,paid,2026-06-06 05:21:00 +0000,USD,168.63,,
#1207,x@y.com,paid,2026-06-06 05:21:00 +0000,USD,168.63,,
#1208,x@y.com,paid,2026-06-06 11:47:00 +0000,USD,184.26,,https://instagram.com/
#1208,x@y.com,paid,2026-06-06 11:47:00 +0000,USD,184.26,,https://instagram.com/
#1209,x@y.com,paid,2026-06-06 05:58:00 +0000,USD,109.29,,https://l.facebook.com/
#1210,x@y.com,paid,2026-06-06 22:19:00 +0000,USD,193.83,,
#1211,x@y.com,paid,2026-06-06 01:10:00 +0000,USD,190.06,,https://www.google.com/
#1211,x@y.com,paid,2026-06-06 01:10:00 +0000,USD,190.06,,https://www.google.com/
#1212,x@y.com,paid,2026-06-06 16:47:00 +0000,USD,192.82,,https://l.facebook.com/
#1212,x@y.com,paid,2026-06-06 16:47:00 +0000,USD,192.82,,https://l.facebook.com/
#1213,x@y.com,paid,2026-06-06 21:20:00 +0000,USD,111.39,,https://instagram.com/
#1214,x@y.com,paid,2026-06-06 04:36:00 +0000,USD,122.07,,
#1214,x@y.com,paid,2026-06-06 04:36:00 +0000,USD,122.07,,
#1215,x@y.com,paid,2026-06-06 08:51:00 +0000,USD,162.64,,
#1216,x@y.com,paid,2026-06-06 07:41:00 +0000,USD,94.53,,https://www.google.com/
#1217,x@y.com,paid,2026-06-06 04:17:00 +0000,USD,206.54,,https://www.google.com/
#1218,x@y.com,paid,2026-06-06 21:08:00 +0000,USD,133.35,,https://instagram.com/
#1219,x@y.com,paid,2026-06-06 06:18:00 +0000,USD,98.76,,
#1220,x@y.com,paid,2026-06-06 10:57:00 +0000,USD,174.52,,https://l.facebook.com/
#1221,x@y.com,paid,2026-06-06 02:19:00 +0000,USD,187.93,,https://l.facebook.com/
#1221,x@y.com,paid,2026-06-06 02:19:00 +0000,USD,187.93,,https://l.facebook.com/
#1222,x@y.com,paid,2026-06-06 12:46:00 +0000,USD,183.66,,https://l.facebook.com/
#1222,x@y.com,paid,2026-06-06 12:46:00 +0000,USD,183.66,,https://l.facebook.com/
#1223,x@y.com,paid,2026-06-06 22:13:00 +0000,USD,179.03,,https://instagram.com/
#1224,x@y.com,paid,2026-06-06 03:35:00 +0000,USD,183.62,,https://l.facebook.com/
#1225,x@y.com,paid,2026-06-06 00:17:00 +0000,USD,194.23,,https://l.facebook.com/
#1226,x@y.com,paid,2026-06-06 02:30:00 +0000,USD,114.14,,https://l.facebook.com/
#1227,x@y.com,paid,2026-06-06 02:00:00 +0000,USD,126.29,,https://l.facebook.com/
#1228,x@y.com,refunded,2026-06-06 04:50:00 +0000,USD,166.47,166.47,https://l.facebook.com/
#1229,x@y.com,paid,2026-06-06 11:51:00 +0000,USD,208.9,,https://l.facebook.com/
#1229,x@y.com,paid,2026-06-06 11:51:00 +0000,USD,208.9,,https://l.facebook.com/
#1230,x@y.com,paid,2026-06-06 19:16:00 +0000,USD,151.57,,https://www.google.com/
#1231,x@y.com,paid,2026-06-06 14:36:00 +0000,USD,102.9,,https://l.facebook.com/
#1232,x@y.com,refunded,2026-06-06 03:43:00 +0000,USD,101.21,101.21,https://l.facebook.com/
#1233,x@y.com,refunded,2026-06-06 02:32:00 +0000,USD,113.78,113.78,https://www.google.com/
#1233,x@y.com,refunded,2026-06-06 02:32:00 +0000,USD,113.78,113.78,https://www.google.com/
#1234,x@y.com,paid,2026-06-06 00:49:00 +0000,USD,79.38,,
#1235,x@y.com,paid,2026-06-06 12:19:00 +0000,USD,184.93,,
#1236,x@y.com,paid,2026-06-06 13:16:00 +0000,USD,201.57,,
#1237,x@y.com,paid,2026-06-06 23:23:00 +0000,USD,79.25,,https://l.facebook.com/
#1238,x@y.com,paid,2026-06-06 11:19:00 +0000,USD,185.02,,https://www.google.com/
#1239,x@y.com,paid,2026-06-06 08:21:00 +0000,USD,86.8,,https://www.google.com/
#1240,x@y.com,paid,2026-06-07 21:13:00 +0000,USD,105.9,,https://www.google.com/
#1241,x@y.com,paid,2026-06-07 05:27:00 +0000,USD,123.87,,https://instagram.com/
#1242,x@y.com,paid,2026-06-07 10:34:00 +0000,USD,79.25,,https://instagram.com/
#1243,x@y.com,paid,2026-06-07 18:06:00 +0000,USD,80.75,,https://l.facebook.com/
#1244,x@y.com,paid,2026-06-07 13:49:00 +0000,USD,134.77,,https://l.facebook.com/
#1245,x@y.com,paid,2026-06-07 10:56:00 +0000,USD,185.26,,https://instagram.com/
#1246,x@y.com,paid,2026-06-07 23:40:00 +0000,USD,180.65,,https://l.facebook.com/
#1246,x@y.com,paid,2026-06-07 23:40:00 +0000,USD,180.65,,https://l.facebook.com/
#1247,x@y.com,paid,2026-06-07 11:56:00 +0000,USD,198.26,,https://www.google.com/
#1247,x@y.com,paid,2026-06-07 11:56:00 +0000,USD,198.26,,https://www.google.com/
#1248,x@y.com,paid,2026-06-07 18:59:00 +0000,USD,191.04,,https://instagram.com/
#1249,x@y.com,paid,2026-06-07 13:42:00 +0000,USD,94.03,,
#1249,x@y.com,paid,2026-06-07 13:42:00 +0000,USD,94.03,,
#1250,x@y.com,paid,2026-06-07 19:34:00 +0000,USD,133.36,,https://l.facebook.com/
#1251,x@y.com,refunded,2026-06-07 14:18:00 +0000,USD,146.01,146.01,https://www.google.com/
#1252,x@y.com,paid,2026-06-07 14:21:00 +0000,USD,156.48,,https://l.facebook.com/
#1253,x@y.com,paid,2026-06-07 17:25:00 +0000,USD,175.42,,
#1254,x@y.com,paid,2026-06-07 15:07:00 +0000,USD,192.51,,
#1255,x@y.com,paid,2026-06-07 04:53:00 +0000,USD,102.67,,
#1256,x@y.com,paid,2026-06-07 02:11:00 +0000,USD,183.29,,
#1257,x@y.com,paid,2026-06-07 14:13:00 +0000,USD,171.94,,
#1258,x@y.com,paid,2026-06-07 20:15:00 +0000,USD,192.25,,https://l.facebook.com/
#1259,x@y.com,paid,2026-06-07 07:04:00 +0000,USD,92.16,,
#1259,x@y.com,paid,2026-06-07 07:04:00 +0000,USD,92.16,,
#1260,x@y.com,paid,2026-06-07 02:50:00 +0000,USD,190.87,,https://www.google.com/
#1261,x@y.com,paid,2026-06-07 11:55:00 +0000,USD,185.14,,https://l.facebook.com/
#1262,x@y.com,paid,2026-06-07 12:01:00 +0000,USD,188.07,,https://l.facebook.com/
#1262,x@y.com,paid,2026-06-07 12:01:00 +0000,USD,188.07,,https://l.facebook.com/
#1263,x@y.com,paid,2026-06-07 06:34:00 +0000,USD,197.04,,
#1264,x@y.com,paid,2026-06-07 21:27:00 +0000,USD,193.71,,https://l.facebook.com/
#1264,x@y.com,paid,2026-06-07 21:27:00 +0000,USD,193.71,,https://l.facebook.com/
#1265,x@y.com,paid,2026-06-07 20:17:00 +0000,USD,80.03,,https://l.facebook.com/
#1266,x@y.com,paid,2026-06-07 22:37:00 +0000,USD,169.72,,https://l.facebook.com/
#1266,x@y.com,paid,2026-06-07 22:37:00 +0000,USD,169.72,,https://l.facebook.com/
#1267,x@y.com,paid,2026-06-07 11:39:00 +0000,USD,83.46,,https://l.facebook.com/
#1268,x@y.com,refunded,2026-06-07 06:47:00 +0000,USD,118.56,118.56,https://l.facebook.com/
#1269,x@y.com,paid,2026-06-07 02:40:00 +0000,USD,192.9,,https://l.facebook.com/
#1270,x@y.com,paid,2026-06-07 14:08:00 +0000,USD,134.06,,https://instagram.com/
#1271,x@y.com,paid,2026-06-07 07:31:00 +0000,USD,202.3,,https://www.google.com/
#1272,x@y.com,paid,2026-06-07 02:43:00 +0000,USD,115.6,,https://l.facebook.com/
#1272,x@y.com,paid,2026-06-07 02:43:00 +0000,USD,115.6,,https://l.facebook.com/
#1273,x@y.com,paid,2026-06-07 13:38:00 +0000,USD,107.78,,https://l.facebook.com/
#1274,x@y.com,paid,2026-06-07 09:37:00 +0000,USD,137.19,,https://instagram.com/
#1274,x@y.com,paid,2026-06-07 09:37:00 +0000,USD,137.19,,https://instagram.com/
#1275,x@y.com,paid,2026-06-08 07:00:00 +0000,USD,116.67,,https://www.google.com/
#1275,x@y.com,paid,2026-06-08 07:00:00 +0000,USD,116.67,,https://www.google.com/
#1276,x@y.com,paid,2026-06-08 12:26:00 +0000,USD,127.48,,
#1277,x@y.com,paid,2026-06-08 18:06:00 +0000,USD,123.09,,
#1278,x@y.com,paid,2026-06-08 00:23:00 +0000,USD,137.81,,
#1279,x@y.com,paid,2026-06-08 00:42:00 +0000,USD,173.44,,https://instagram.com/
#1280,x@y.com,paid,2026-06-08 10:30:00 +0000,USD,139.93,,https://instagram.com/
#1281,x@y.com,paid,2026-06-08 12:27:00 +0000,USD,206.09,,
#1282,x@y.com,paid,2026-06-08 02:29:00 +0000,USD,163.79,,
#1282,x@y.com,paid,2026-06-08 02:29:00 +0000,USD,163.79,,
#1283,x@y.com,paid,2026-06-08 18:13:00 +0000,USD,182.31,,https://instagram.com/
#1283,x@y.com,paid,2026-06-08 18:13:00 +0000,USD,182.31,,https://instagram.com/
#1284,x@y.com,paid,2026-06-08 23:50:00 +0000,USD,126.83,,https://instagram.com/
#1285,x@y.com,paid,2026-06-08 23:57:00 +0000,USD,78.48,,https://www.google.com/
#1286,x@y.com,paid,2026-06-08 03:27:00 +0000,USD,165.56,,https://instagram.com/
#1286,x@y.com,paid,2026-06-08 03:27:00 +0000,USD,165.56,,https://instagram.com/
#1287,x@y.com,paid,2026-06-08 00:06:00 +0000,USD,98.57,,https://instagram.com/
#1288,x@y.com,paid,2026-06-08 03:19:00 +0000,USD,132.51,,
#1289,x@y.com,paid,2026-06-08 16:32:00 +0000,USD,86.94,,https://www.google.com/
#1290,x@y.com,paid,2026-06-08 13:29:00 +0000,USD,116.8,,https://l.facebook.com/
#1291,x@y.com,paid,2026-06-08 03:29:00 +0000,USD,208.65,,https://l.facebook.com/
#1292,x@y.com,paid,2026-06-08 04:09:00 +0000,USD,190.3,,
#1293,x@y.com,paid,2026-06-08 03:26:00 +0000,USD,131.65,,
#1294,x@y.com,paid,2026-06-08 23:45:00 +0000,USD,108.21,,https://l.facebook.com/
#1294,x@y.com,paid,2026-06-08 23:45:00 +0000,USD,108.21,,https://l.facebook.com/
#1295,x@y.com,paid,2026-06-08 03:31:00 +0000,USD,98.67,,https://l.facebook.com/
#1296,x@y.com,paid,2026-06-08 01:24:00 +0000,USD,198.4,,
#1296,x@y.com,paid,2026-06-08 01:24:00 +0000,USD,198.4,,
#1297,x@y.com,paid,2026-06-08 21:58:00 +0000,USD,117.53,,https://instagram.com/
#1297,x@y.com,paid,2026-06-08 21:58:00 +0000,USD,117.53,,https://instagram.com/
#1298,x@y.com,paid,2026-06-08 17:08:00 +0000,USD,121.4,,https://www.google.com/
#1299,x@y.com,paid,2026-06-08 08:14:00 +0000,USD,130.07,,
#1300,x@y.com,paid,2026-06-08 20:27:00 +0000,USD,89.15,,https://instagram.com/
#1301,x@y.com,refunded,2026-06-08 01:10:00 +0000,USD,137.51,137.51,
#1301,x@y.com,refunded,2026-06-08 01:10:00 +0000,USD,137.51,137.51,
#1302,x@y.com,paid,2026-06-08 03:45:00 +0000,USD,150.28,,https://l.facebook.com/
#1303,x@y.com,paid,2026-06-08 16:47:00 +0000,USD,82.28,,
#1303,x@y.com,paid,2026-06-08 16:47:00 +0000,USD,82.28,,
#1304,x@y.com,paid,2026-06-08 03:00:00 +0000,USD,174.77,,https://www.google.com/
#1305,x@y.com,paid,2026-06-08 11:53:00 +0000,USD,204.83,,https://www.google.com/
#1306,x@y.com,paid,2026-06-08 05:31:00 +0000,USD,105.69,,https://l.facebook.com/
#1307,x@y.com,paid,2026-06-08 02:13:00 +0000,USD,146.14,,https://l.facebook.com/
#1308,x@y.com,paid,2026-06-08 20:55:00 +0000,USD,155.81,,
#1309,x@y.com,paid,2026-06-08 02:25:00 +0000,USD,131.1,,https://www.google.com/
#1310,x@y.com,paid,2026-06-08 04:50:00 +0000,USD,187.76,,https://l.facebook.com/
#1311,x@y.com,paid,2026-06-08 01:25:00 +0000,USD,162.78,,
#1312,x@y.com,paid,2026-06-08 00:39:00 +0000,USD,150.88,,https://www.google.com/
#1313,x@y.com,paid,2026-06-09 21:40:00 +0000,USD,78.74,,https://instagram.com/
#1314,x@y.com,paid,2026-06-09 04:24:00 +0000,USD,100.77,,https://www.google.com/
#1314,x@y.com,paid,2026-06-09 04:24:00 +0000,USD,100.77,,https://www.google.com/
#1315,x@y.com,paid,2026-06-09 23:46:00 +0000,USD,167.39,,https://instagram.com/
#1316,x@y.com,paid,2026-06-09 17:45:00 +0000,USD,188.28,,https://instagram.com/
#1317,x@y.com,paid,2026-06-09 20:35:00 +0000,USD,170.79,,https://www.google.com/
#1318,x@y.com,paid,2026-06-09 17:08:00 +0000,USD,199.74,,https://instagram.com/
#1319,x@y.com,paid,2026-06-09 13:59:00 +0000,USD,98.47,,https://instagram.com/
#1319,x@y.com,paid,2026-06-09 13:59:00 +0000,USD,98.47,,https://instagram.com/
#1320,x@y.com,paid,2026-06-09 13:44:00 +0000,USD,104.44,,https://instagram.com/
#1320,x@y.com,paid,2026-06-09 13:44:00 +0000,USD,104.44,,https://instagram.com/
#1321,x@y.com,paid,2026-06-09 05:49:00 +0000,USD,145.52,,https://www.google.com/
#1322,x@y.com,paid,2026-06-09 11:24:00 +0000,USD,104.68,,https://l.facebook.com/
#1322,x@y.com,paid,2026-06-09 11:24:00 +0000,USD,104.68,,https://l.facebook.com/
#1323,x@y.com,paid,2026-06-09 18:09:00 +0000,USD,137.77,,https://instagram.com/
#1323,x@y.com,paid,2026-06-09 18:09:00 +0000,USD,137.77,,https://instagram.com/
#1324,x@y.com,paid,2026-06-09 15:14:00 +0000,USD,170.91,,https://l.facebook.com/
#1325,x@y.com,paid,2026-06-09 02:51:00 +0000,USD,124.32,,https://l.facebook.com/
#1326,x@y.com,paid,2026-06-09 19:04:00 +0000,USD,127.84,,https://instagram.com/
#1327,x@y.com,paid,2026-06-09 15:07:00 +0000,USD,206.8,,https://instagram.com/
#1328,x@y.com,paid,2026-06-09 16:54:00 +0000,USD,102.58,,https://www.google.com/
#1329,x@y.com,paid,2026-06-09 17:31:00 +0000,USD,82.63,,https://www.google.com/
#1330,x@y.com,paid,2026-06-09 11:51:00 +0000,USD,142.62,,
#1331,x@y.com,paid,2026-06-09 06:55:00 +0000,USD,90.89,,https://l.facebook.com/
#1332,x@y.com,paid,2026-06-09 11:44:00 +0000,USD,93.95,,https://www.google.com/
#1333,x@y.com,paid,2026-06-09 09:38:00 +0000,USD,126.05,,https://www.google.com/
#1334,x@y.com,paid,2026-06-09 08:42:00 +0000,USD,92.58,,https://l.facebook.com/
#1335,x@y.com,paid,2026-06-09 02:17:00 +0000,USD,115.81,,https://l.facebook.com/
#1336,x@y.com,paid,2026-06-09 12:10:00 +0000,USD,115.63,,https://instagram.com/
#1337,x@y.com,paid,2026-06-09 17:48:00 +0000,USD,158.44,,
#1338,x@y.com,paid,2026-06-09 20:50:00 +0000,USD,118.45,,
#1339,x@y.com,paid,2026-06-09 06:40:00 +0000,USD,141.49,,https://instagram.com/
#1340,x@y.com,paid,2026-06-09 17:07:00 +0000,USD,152.71,,https://l.facebook.com/
#1341,x@y.com,refunded,2026-06-09 03:12:00 +0000,USD,117.91,117.91,
#1342,x@y.com,paid,2026-06-09 21:42:00 +0000,USD,118.83,,https://l.facebook.com/
#1343,x@y.com,paid,2026-06-09 21:54:00 +0000,USD,96.58,,https://l.facebook.com/
#1344,x@y.com,paid,2026-06-09 22:22:00 +0000,USD,135.65,,https://l.facebook.com/
#1344,x@y.com,paid,2026-06-09 22:22:00 +0000,USD,135.65,,https://l.facebook.com/
#1345,x@y.com,paid,2026-06-09 04:31:00 +0000,USD,200.14,,https://l.facebook.com/
#1346,x@y.com,paid,2026-06-09 17:05:00 +0000,USD,88.39,,https://www.google.com/
#1347,x@y.com,paid,2026-06-09 08:09:00 +0000,USD,196.72,,https://l.facebook.com/
#1348,x@y.com,paid,2026-06-09 15:50:00 +0000,USD,191.34,,https://l.facebook.com/
#1349,x@y.com,paid,2026-06-09 01:06:00 +0000,USD,201.19,,https://instagram.com/
#1350,x@y.com,paid,2026-06-09 13:02:00 +0000,USD,117.33,,
#1351,x@y.com,paid,2026-06-09 18:49:00 +0000,USD,187.53,,https://instagram.com/
#1352,x@y.com,paid,2026-06-09 12:53:00 +0000,USD,78.09,,
#1353,x@y.com,paid,2026-06-09 00:57:00 +0000,USD,131.81,,https://instagram.com/
#1354,x@y.com,paid,2026-06-09 10:33:00 +0000,USD,112.62,,https://instagram.com/
#1355,x@y.com,paid,2026-06-09 05:12:00 +0000,USD,138.05,,
#1356,x@y.com,paid,2026-06-09 10:11:00 +0000,USD,105.91,,https://l.facebook.com/
#1357,x@y.com,paid,2026-06-09 18:16:00 +0000,USD,167.51,,https://www.google.com/
#1358,x@y.com,paid,2026-06-09 10:47:00 +0000,USD,102.36,,https://l.facebook.com/
#1359,x@y.com,paid,2026-06-09 02:43:00 +0000,USD,166.98,,https://www.google.com/
#1360,x@y.com,paid,2026-06-10 11:42:00 +0000,USD,106.75,,
#1361,x@y.com,paid,2026-06-10 04:26:00 +0000,USD,87.23,,
#1362,x@y.com,paid,2026-06-10 09:35:00 +0000,USD,122.64,,https://instagram.com/
#1363,x@y.com,paid,2026-06-10 15:02:00 +0000,USD,140.81,,https://l.facebook.com/
#1363,x@y.com,paid,2026-06-10 15:02:00 +0000,USD,140.81,,https://l.facebook.com/
#1364,x@y.com,paid,2026-06-10 02:13:00 +0000,USD,203.96,,https://l.facebook.com/
#1365,x@y.com,paid,2026-06-10 10:08:00 +0000,USD,193.91,,
#1366,x@y.com,paid,2026-06-10 06:15:00 +0000,USD,96.71,,
#1367,x@y.com,paid,2026-06-10 21:29:00 +0000,USD,170.62,,
#1368,x@y.com,paid,2026-06-10 02:11:00 +0000,USD,127.15,,https://l.facebook.com/
#1369,x@y.com,paid,2026-06-10 18:07:00 +0000,USD,167.28,,https://l.facebook.com/
#1370,x@y.com,paid,2026-06-10 16:16:00 +0000,USD,147.55,,https://www.google.com/
#1371,x@y.com,paid,2026-06-10 09:48:00 +0000,USD,88.76,,https://l.facebook.com/
#1372,x@y.com,paid,2026-06-10 09:30:00 +0000,USD,99.16,,https://www.google.com/
#1372,x@y.com,paid,2026-06-10 09:30:00 +0000,USD,99.16,,https://www.google.com/
#1373,x@y.com,paid,2026-06-10 01:12:00 +0000,USD,124.24,,https://instagram.com/
#1374,x@y.com,paid,2026-06-10 18:25:00 +0000,USD,202.62,,https://l.facebook.com/
#1375,x@y.com,refunded,2026-06-10 06:01:00 +0000,USD,115.19,115.19,https://instagram.com/
#1376,x@y.com,paid,2026-06-10 20:04:00 +0000,USD,107.01,,https://instagram.com/
#1376,x@y.com,paid,2026-06-10 20:04:00 +0000,USD,107.01,,https://instagram.com/
#1377,x@y.com,paid,2026-06-10 01:21:00 +0000,USD,81.25,,https://l.facebook.com/
#1378,x@y.com,paid,2026-06-10 08:39:00 +0000,USD,189.93,,https://www.google.com/
#1379,x@y.com,paid,2026-06-10 19:26:00 +0000,USD,99.96,,https://www.google.com/
#1379,x@y.com,paid,2026-06-10 19:26:00 +0000,USD,99.96,,https://www.google.com/
#1380,x@y.com,paid,2026-06-10 15:14:00 +0000,USD,149.3,,https://l.facebook.com/
#1381,x@y.com,paid,2026-06-10 05:59:00 +0000,USD,139.82,,
#1382,x@y.com,paid,2026-06-10 10:18:00 +0000,USD,109.04,,https://l.facebook.com/
#1383,x@y.com,refunded,2026-06-10 03:31:00 +0000,USD,161.67,161.67,https://instagram.com/
#1383,x@y.com,refunded,2026-06-10 03:31:00 +0000,USD,161.67,161.67,https://instagram.com/
#1384,x@y.com,paid,2026-06-10 15:36:00 +0000,USD,168.5,,https://instagram.com/
#1384,x@y.com,paid,2026-06-10 15:36:00 +0000,USD,168.5,,https://instagram.com/
#1385,x@y.com,paid,2026-06-10 01:41:00 +0000,USD,85.44,,https://www.google.com/
#1386,x@y.com,paid,2026-06-10 02:17:00 +0000,USD,206.06,,https://instagram.com/
#1387,x@y.com,paid,2026-06-10 08:12:00 +0000,USD,108.95,,
#1388,x@y.com,paid,2026-06-10 15:54:00 +0000,USD,134.26,,
#1388,x@y.com,paid,2026-06-10 15:54:00 +0000,USD,134.26,,
#1389,x@y.com,paid,2026-06-10 16:21:00 +0000,USD,98.0,,https://www.google.com/
#1390,x@y.com,paid,2026-06-10 09:42:00 +0000,USD,163.35,,https://instagram.com/
#1391,x@y.com,paid,2026-06-10 09:51:00 +0000,USD,168.44,,https://www.google.com/
#1392,x@y.com,paid,2026-06-10 01:58:00 +0000,USD,93.53,,https://www.google.com/
#1393,x@y.com,paid,2026-06-10 20:39:00 +0000,USD,204.21,,https://instagram.com/
#1393,x@y.com,paid,2026-06-10 20:39:00 +0000,USD,204.21,,https://instagram.com/
#1394,x@y.com,paid,2026-06-10 21:10:00 +0000,USD,201.09,,https://l.facebook.com/
#1395,x@y.com,paid,2026-06-10 08:11:00 +0000,USD,112.28,,https://instagram.com/
#1396,x@y.com,paid,2026-06-10 23:42:00 +0000,USD,208.02,,https://l.facebook.com/
#1397,x@y.com,paid,2026-06-10 00:36:00 +0000,USD,135.58,,https://instagram.com/
#1398,x@y.com,paid,2026-06-10 12:45:00 +0000,USD,202.53,,https://instagram.com/
#1399,x@y.com,paid,2026-06-10 07:14:00 +0000,USD,83.16,,https://instagram.com/
#1400,x@y.com,paid,2026-06-10 08:44:00 +0000,USD,169.67,,https://l.facebook.com/
#1401,x@y.com,paid,2026-06-10 03:21:00 +0000,USD,81.55,,
#1402,x@y.com,paid,2026-06-10 18:39:00 +0000,USD,200.38,,https://l.facebook.com/
#1403,x@y.com,paid,2026-06-10 08:13:00 +0000,USD,205.06,,https://l.facebook.com/
#1403,x@y.com,paid,2026-06-10 08:13:00 +0000,USD,205.06,,https://l.facebook.com/
#1404,x@y.com,paid,2026-06-11 15:48:00 +0000,USD,82.67,,https://instagram.com/
#1405,x@y.com,paid,2026-06-11 13:20:00 +0000,USD,116.06,,https://instagram.com/
#1405,x@y.com,paid,2026-06-11 13:20:00 +0000,USD,116.06,,https://instagram.com/
#1406,x@y.com,paid,2026-06-11 16:55:00 +0000,USD,87.24,,https://instagram.com/
#1406,x@y.com,paid,2026-06-11 16:55:00 +0000,USD,87.24,,https://instagram.com/
#1407,x@y.com,paid,2026-06-11 02:07:00 +0000,USD,106.44,,
#1407,x@y.com,paid,2026-06-11 02:07:00 +0000,USD,106.44,,
#1408,x@y.com,paid,2026-06-11 17:51:00 +0000,USD,135.15,,
#1409,x@y.com,paid,2026-06-11 02:12:00 +0000,USD,155.39,,https://l.facebook.com/
#1410,x@y.com,paid,2026-06-11 17:17:00 +0000,USD,179.12,,https://l.facebook.com/
#1411,x@y.com,paid,2026-06-11 01:29:00 +0000,USD,113.4,,https://l.facebook.com/
#1412,x@y.com,paid,2026-06-11 08:56:00 +0000,USD,135.09,,https://instagram.com/
#1413,x@y.com,refunded,2026-06-11 19:28:00 +0000,USD,150.65,150.65,https://instagram.com/
#1414,x@y.com,paid,2026-06-11 07:25:00 +0000,USD,209.38,,
#1415,x@y.com,paid,2026-06-11 22:36:00 +0000,USD,167.93,,https://l.facebook.com/
#1416,x@y.com,paid,2026-06-11 12:04:00 +0000,USD,110.37,,https://instagram.com/
#1416,x@y.com,paid,2026-06-11 12:04:00 +0000,USD,110.37,,https://instagram.com/
#1417,x@y.com,paid,2026-06-11 07:54:00 +0000,USD,174.42,,https://l.facebook.com/
#1417,x@y.com,paid,2026-06-11 07:54:00 +0000,USD,174.42,,https://l.facebook.com/
#1418,x@y.com,paid,2026-06-11 20:07:00 +0000,USD,208.24,,
#1419,x@y.com,paid,2026-06-11 16:36:00 +0000,USD,118.15,,
#1419,x@y.com,paid,2026-06-11 16:36:00 +0000,USD,118.15,,
#1420,x@y.com,paid,2026-06-11 01:50:00 +0000,USD,175.57,,https://l.facebook.com/
#1421,x@y.com,paid,2026-06-11 13:13:00 +0000,USD,171.47,,https://instagram.com/
#1421,x@y.com,paid,2026-06-11 13:13:00 +0000,USD,171.47,,https://instagram.com/
#1422,x@y.com,paid,2026-06-11 09:39:00 +0000,USD,135.44,,https://l.facebook.com/
#1423,x@y.com,paid,2026-06-11 14:42:00 +0000,USD,138.08,,
#1423,x@y.com,paid,2026-06-11 14:42:00 +0000,USD,138.08,,
#1424,x@y.com,paid,2026-06-11 12:56:00 +0000,USD,167.48,,
#1425,x@y.com,paid,2026-06-11 19:41:00 +0000,USD,175.8,,
#1425,x@y.com,paid,2026-06-11 19:41:00 +0000,USD,175.8,,
#1426,x@y.com,paid,2026-06-11 02:34:00 +0000,USD,135.43,,https://l.facebook.com/
#1427,x@y.com,paid,2026-06-11 11:49:00 +0000,USD,152.35,,
#1427,x@y.com,paid,2026-06-11 11:49:00 +0000,USD,152.35,,
#1428,x@y.com,paid,2026-06-11 12:19:00 +0000,USD,112.25,,https://l.facebook.com/
#1429,x@y.com,paid,2026-06-11 01:52:00 +0000,USD,176.66,,https://instagram.com/
#1430,x@y.com,paid,2026-06-11 22:45:00 +0000,USD,188.53,,https://www.google.com/
#1431,x@y.com,paid,2026-06-11 22:43:00 +0000,USD,176.56,,https://l.facebook.com/
#1431,x@y.com,paid,2026-06-11 22:43:00 +0000,USD,176.56,,https://l.facebook.com/
#1432,x@y.com,paid,2026-06-11 18:20:00 +0000,USD,149.85,,https://l.facebook.com/
#1433,x@y.com,paid,2026-06-11 15:20:00 +0000,USD,114.23,,https://instagram.com/
#1434,x@y.com,paid,2026-06-11 15:18:00 +0000,USD,199.76,,https://instagram.com/
#1434,x@y.com,paid,2026-06-11 15:18:00 +0000,USD,199.76,,https://instagram.com/
#1435,x@y.com,paid,2026-06-11 14:33:00 +0000,USD,167.23,,https://l.facebook.com/
#1435,x@y.com,paid,2026-06-11 14:33:00 +0000,USD,167.23,,https://l.facebook.com/
#1436,x@y.com,paid,2026-06-12 02:00:00 +0000,USD,203.86,,
#1437,x@y.com,paid,2026-06-12 06:24:00 +0000,USD,150.06,,https://instagram.com/
#1438,x@y.com,paid,2026-06-12 17:23:00 +0000,USD,97.33,,https://instagram.com/
#1438,x@y.com,paid,2026-06-12 17:23:00 +0000,USD,97.33,,https://instagram.com/
#1439,x@y.com,paid,2026-06-12 19:15:00 +0000,USD,164.76,,https://l.facebook.com/
#1440,x@y.com,paid,2026-06-12 00:47:00 +0000,USD,101.49,,https://l.facebook.com/
#1441,x@y.com,paid,2026-06-12 00:42:00 +0000,USD,112.9,,https://www.google.com/
#1442,x@y.com,paid,2026-06-12 22:20:00 +0000,USD,191.46,,https://www.google.com/
#1443,x@y.com,paid,2026-06-12 22:20:00 +0000,USD,185.12,,
#1444,x@y.com,paid,2026-06-12 19:32:00 +0000,USD,136.33,,https://www.google.com/
#1445,x@y.com,paid,2026-06-12 04:41:00 +0000,USD,107.49,,https://www.google.com/
#1446,x@y.com,paid,2026-06-12 05:58:00 +0000,USD,182.01,,https://l.facebook.com/
#1447,x@y.com,paid,2026-06-12 10:55:00 +0000,USD,140.45,,https://instagram.com/
#1448,x@y.com,paid,2026-06-12 21:03:00 +0000,USD,141.24,,https://instagram.com/
#1449,x@y.com,paid,2026-06-12 00:06:00 +0000,USD,179.2,,
#1450,x@y.com,paid,2026-06-12 19:34:00 +0000,USD,83.84,,
#1450,x@y.com,paid,2026-06-12 19:34:00 +0000,USD,83.84,,
#1451,x@y.com,paid,2026-06-12 22:39:00 +0000,USD,86.27,,https://l.facebook.com/
#1452,x@y.com,refunded,2026-06-12 21:20:00 +0000,USD,151.09,151.09,https://l.facebook.com/
#1453,x@y.com,paid,2026-06-12 11:15:00 +0000,USD,139.7,,https://www.google.com/
#1454,x@y.com,paid,2026-06-12 00:01:00 +0000,USD,78.46,,https://l.facebook.com/
#1455,x@y.com,paid,2026-06-12 03:10:00 +0000,USD,118.97,,https://l.facebook.com/
#1456,x@y.com,paid,2026-06-12 19:51:00 +0000,USD,139.92,,https://l.facebook.com/
#1456,x@y.com,paid,2026-06-12 19:51:00 +0000,USD,139.92,,https://l.facebook.com/
#1457,x@y.com,paid,2026-06-12 12:23:00 +0000,USD,169.39,,https://instagram.com/
#1458,x@y.com,paid,2026-06-12 07:18:00 +0000,USD,139.86,,https://instagram.com/
#1459,x@y.com,paid,2026-06-12 01:39:00 +0000,USD,117.1,,https://www.google.com/
#1459,x@y.com,paid,2026-06-12 01:39:00 +0000,USD,117.1,,https://www.google.com/
#1460,x@y.com,paid,2026-06-12 17:43:00 +0000,USD,115.69,,
#1460,x@y.com,paid,2026-06-12 17:43:00 +0000,USD,115.69,,
#1461,x@y.com,paid,2026-06-12 12:32:00 +0000,USD,169.31,,https://instagram.com/
#1462,x@y.com,paid,2026-06-12 06:04:00 +0000,USD,194.22,,
#1463,x@y.com,paid,2026-06-12 16:35:00 +0000,USD,110.59,,https://www.google.com/
#1464,x@y.com,paid,2026-06-12 02:34:00 +0000,USD,83.14,,https://instagram.com/
#1465,x@y.com,paid,2026-06-12 20:48:00 +0000,USD,79.77,,https://instagram.com/
#1466,x@y.com,paid,2026-06-13 17:37:00 +0000,USD,152.24,,https://instagram.com/
#1467,x@y.com,paid,2026-06-13 07:43:00 +0000,USD,154.88,,https://instagram.com/
#1467,x@y.com,paid,2026-06-13 07:43:00 +0000,USD,154.88,,https://instagram.com/
#1468,x@y.com,paid,2026-06-13 10:36:00 +0000,USD,106.62,,https://www.google.com/
#1469,x@y.com,paid,2026-06-13 19:04:00 +0000,USD,79.62,,
#1470,x@y.com,paid,2026-06-13 17:33:00 +0000,USD,178.57,,
#1471,x@y.com,paid,2026-06-13 23:14:00 +0000,USD,206.9,,https://l.facebook.com/
#1472,x@y.com,refunded,2026-06-13 04:50:00 +0000,USD,85.55,85.55,
#1473,x@y.com,paid,2026-06-13 20:20:00 +0000,USD,161.73,,
#1474,x@y.com,paid,2026-06-13 03:39:00 +0000,USD,196.96,,https://l.facebook.com/
#1475,x@y.com,refunded,2026-06-13 12:56:00 +0000,USD,201.46,201.46,https://www.google.com/
#1476,x@y.com,paid,2026-06-13 20:02:00 +0000,USD,129.17,,https://instagram.com/
#1477,x@y.com,paid,2026-06-13 02:04:00 +0000,USD,156.0,,https://l.facebook.com/
#1478,x@y.com,paid,2026-06-13 21:44:00 +0000,USD,102.61,,https://l.facebook.com/
#1479,x@y.com,paid,2026-06-13 12:59:00 +0000,USD,207.33,,https://www.google.com/
#1480,x@y.com,paid,2026-06-13 12:07:00 +0000,USD,143.14,,https://instagram.com/
#1481,x@y.com,refunded,2026-06-13 11:35:00 +0000,USD,84.43,84.43,
#1482,x@y.com,paid,2026-06-13 19:11:00 +0000,USD,129.39,,https://www.google.com/
#1483,x@y.com,paid,2026-06-13 18:40:00 +0000,USD,144.03,,
#1484,x@y.com,paid,2026-06-13 17:55:00 +0000,USD,137.19,,https://l.facebook.com/
#1485,x@y.com,paid,2026-06-13 13:39:00 +0000,USD,95.16,,https://l.facebook.com/
#1485,x@y.com,paid,2026-06-13 13:39:00 +0000,USD,95.16,,https://l.facebook.com/
#1486,x@y.com,paid,2026-06-13 01:22:00 +0000,USD,176.45,,
#1487,x@y.com,paid,2026-06-13 00:15:00 +0000,USD,97.5,,https://l.facebook.com/
#1487,x@y.com,paid,2026-06-13 00:15:00 +0000,USD,97.5,,https://l.facebook.com/
#1488,x@y.com,paid,2026-06-13 10:38:00 +0000,USD,97.14,,https://l.facebook.com/
#1489,x@y.com,paid,2026-06-13 14:07:00 +0000,USD,156.22,,https://l.facebook.com/
#1489,x@y.com,paid,2026-06-13 14:07:00 +0000,USD,156.22,,https://l.facebook.com/
#1490,x@y.com,paid,2026-06-13 05:52:00 +0000,USD,104.47,,https://l.facebook.com/
#1490,x@y.com,paid,2026-06-13 05:52:00 +0000,USD,104.47,,https://l.facebook.com/
#1491,x@y.com,paid,2026-06-13 03:24:00 +0000,USD,132.09,,
#1492,x@y.com,refunded,2026-06-13 06:51:00 +0000,USD,140.61,140.61,https://www.google.com/
#1493,x@y.com,paid,2026-06-13 12:18:00 +0000,USD,201.46,,
#1494,x@y.com,paid,2026-06-13 22:56:00 +0000,USD,202.06,,https://instagram.com/
#1495,x@y.com,paid,2026-06-13 08:18:00 +0000,USD,200.04,,https://www.google.com/
#1496,x@y.com,paid,2026-06-13 22:46:00 +0000,USD,116.65,,
#1497,x@y.com,paid,2026-06-13 08:07:00 +0000,USD,160.91,,https://instagram.com/
#1498,x@y.com,paid,2026-06-13 19:43:00 +0000,USD,175.74,,https://instagram.com/
#1499,x@y.com,paid,2026-06-13 18:09:00 +0000,USD,209.87,,https://www.google.com/
#1500,x@y.com,paid,2026-06-13 20:03:00 +0000,USD,131.29,,https://l.facebook.com/
#1500,x@y.com,paid,2026-06-13 20:03:00 +0000,USD,131.29,,https://l.facebook.com/
#1501,x@y.com,paid,2026-06-13 19:24:00 +0000,USD,161.0,,https://l.facebook.com/
#1502,x@y.com,paid,2026-06-13 00:16:00 +0000,USD,113.37,,
#1503,x@y.com,paid,2026-06-13 08:12:00 +0000,USD,126.26,,https://l.facebook.com/
#1503,x@y.com,paid,2026-06-13 08:12:00 +0000,USD,126.26,,https://l.facebook.com/
#1504,x@y.com,paid,2026-06-13 00:44:00 +0000,USD,151.49,,https://l.facebook.com/
#1505,x@y.com,paid,2026-06-13 16:40:00 +0000,USD,160.8,,https://instagram.com/
#1506,x@y.com,paid,2026-06-13 15:11:00 +0000,USD,86.61,,https://l.facebook.com/
#1506,x@y.com,paid,2026-06-13 15:11:00 +0000,USD,86.61,,https://l.facebook.com/
#1507,x@y.com,paid,2026-06-13 10:35:00 +0000,USD,191.08,,https://instagram.com/
#1507,x@y.com,paid,2026-06-13 10:35:00 +0000,USD,191.08,,https://instagram.com/
#1508,x@y.com,paid,2026-06-13 17:43:00 +0000,USD,109.87,,
#1509,x@y.com,paid,2026-06-13 04:39:00 +0000,USD,198.76,,
#1510,x@y.com,paid,2026-06-14 06:36:00 +0000,USD,133.67,,https://www.google.com/
#1511,x@y.com,paid,2026-06-14 01:08:00 +0000,USD,205.77,,https://l.facebook.com/
#1511,x@y.com,paid,2026-06-14 01:08:00 +0000,USD,205.77,,https://l.facebook.com/
#1512,x@y.com,paid,2026-06-14 14:54:00 +0000,USD,167.29,,https://l.facebook.com/
#1513,x@y.com,paid,2026-06-14 15:14:00 +0000,USD,202.2,,https://www.google.com/
#1514,x@y.com,paid,2026-06-14 17:22:00 +0000,USD,81.93,,https://l.facebook.com/
#1515,x@y.com,paid,2026-06-14 03:23:00 +0000,USD,90.3,,
#1516,x@y.com,paid,2026-06-14 01:43:00 +0000,USD,194.69,,https://www.google.com/
#1517,x@y.com,paid,2026-06-14 14:13:00 +0000,USD,115.88,,https://www.google.com/
#1518,x@y.com,paid,2026-06-14 16:10:00 +0000,USD,136.26,,https://instagram.com/
#1519,x@y.com,paid,2026-06-14 21:06:00 +0000,USD,85.76,,https://www.google.com/
#1520,x@y.com,paid,2026-06-14 08:25:00 +0000,USD,87.74,,https://instagram.com/
#1520,x@y.com,paid,2026-06-14 08:25:00 +0000,USD,87.74,,https://instagram.com/
#1521,x@y.com,paid,2026-06-14 02:07:00 +0000,USD,200.69,,
#1522,x@y.com,paid,2026-06-14 04:28:00 +0000,USD,170.61,,
#1523,x@y.com,paid,2026-06-14 04:28:00 +0000,USD,153.09,,https://l.facebook.com/
#1524,x@y.com,paid,2026-06-14 23:00:00 +0000,USD,119.03,,
#1525,x@y.com,paid,2026-06-14 04:07:00 +0000,USD,194.93,,https://l.facebook.com/
#1526,x@y.com,paid,2026-06-14 05:38:00 +0000,USD,152.77,,https://l.facebook.com/
#1527,x@y.com,refunded,2026-06-14 13:49:00 +0000,USD,115.13,115.13,https://www.google.com/
#1528,x@y.com,refunded,2026-06-14 15:25:00 +0000,USD,92.41,92.41,https://www.google.com/
#1529,x@y.com,paid,2026-06-14 15:19:00 +0000,USD,187.36,,https://l.facebook.com/
#1530,x@y.com,paid,2026-06-14 02:26:00 +0000,USD,199.03,,https://www.google.com/
#1531,x@y.com,paid,2026-06-14 23:26:00 +0000,USD,203.23,,https://l.facebook.com/
#1532,x@y.com,paid,2026-06-14 16:34:00 +0000,USD,185.78,,
#1533,x@y.com,paid,2026-06-14 05:38:00 +0000,USD,110.84,,https://l.facebook.com/
#1534,x@y.com,paid,2026-06-14 22:59:00 +0000,USD,178.23,,https://instagram.com/
#1535,x@y.com,paid,2026-06-14 05:15:00 +0000,USD,139.19,,https://l.facebook.com/
#1535,x@y.com,paid,2026-06-14 05:15:00 +0000,USD,139.19,,https://l.facebook.com/
#1536,x@y.com,paid,2026-06-14 11:04:00 +0000,USD,143.51,,https://instagram.com/
#1537,x@y.com,paid,2026-06-14 02:44:00 +0000,USD,107.74,,https://l.facebook.com/
#1537,x@y.com,paid,2026-06-14 02:44:00 +0000,USD,107.74,,https://l.facebook.com/
#1538,x@y.com,paid,2026-06-14 13:50:00 +0000,USD,131.69,,https://instagram.com/
#1539,x@y.com,paid,2026-06-14 17:54:00 +0000,USD,94.28,,https://instagram.com/
#1540,x@y.com,paid,2026-06-14 12:43:00 +0000,USD,183.57,,
#1541,x@y.com,paid,2026-06-15 05:58:00 +0000,USD,128.75,,
#1542,x@y.com,paid,2026-06-15 20:33:00 +0000,USD,156.1,,https://www.google.com/
#1543,x@y.com,paid,2026-06-15 03:56:00 +0000,USD,148.51,,https://instagram.com/
#1544,x@y.com,paid,2026-06-15 09:59:00 +0000,USD,124.57,,https://l.facebook.com/
#1544,x@y.com,paid,2026-06-15 09:59:00 +0000,USD,124.57,,https://l.facebook.com/
#1545,x@y.com,paid,2026-06-15 06:40:00 +0000,USD,184.4,,https://instagram.com/
#1546,x@y.com,refunded,2026-06-15 02:50:00 +0000,USD,143.54,143.54,https://instagram.com/
#1547,x@y.com,paid,2026-06-15 10:02:00 +0000,USD,109.97,,https://instagram.com/
#1547,x@y.com,paid,2026-06-15 10:02:00 +0000,USD,109.97,,https://instagram.com/
#1548,x@y.com,paid,2026-06-15 19:59:00 +0000,USD,135.86,,https://l.facebook.com/
#1549,x@y.com,paid,2026-06-15 17:41:00 +0000,USD,94.63,,https://l.facebook.com/
#1550,x@y.com,paid,2026-06-15 09:20:00 +0000,USD,144.52,,https://www.google.com/
#1551,x@y.com,paid,2026-06-15 20:02:00 +0000,USD,196.42,,
#1551,x@y.com,paid,2026-06-15 20:02:00 +0000,USD,196.42,,
#1552,x@y.com,paid,2026-06-15 16:33:00 +0000,USD,95.53,,https://l.facebook.com/
#1552,x@y.com,paid,2026-06-15 16:33:00 +0000,USD,95.53,,https://l.facebook.com/
#1553,x@y.com,paid,2026-06-15 19:36:00 +0000,USD,184.37,,
#1553,x@y.com,paid,2026-06-15 19:36:00 +0000,USD,184.37,,
#1554,x@y.com,paid,2026-06-15 05:49:00 +0000,USD,90.19,,https://l.facebook.com/
#1555,x@y.com,paid,2026-06-15 18:17:00 +0000,USD,93.03,,https://l.facebook.com/
#1556,x@y.com,paid,2026-06-15 15:35:00 +0000,USD,91.67,,https://instagram.com/
#1556,x@y.com,paid,2026-06-15 15:35:00 +0000,USD,91.67,,https://instagram.com/
#1557,x@y.com,paid,2026-06-15 08:41:00 +0000,USD,90.29,,https://l.facebook.com/
#1558,x@y.com,paid,2026-06-15 14:02:00 +0000,USD,132.52,,https://l.facebook.com/
#1559,x@y.com,paid,2026-06-15 19:12:00 +0000,USD,85.85,,https://www.google.com/
#1559,x@y.com,paid,2026-06-15 19:12:00 +0000,USD,85.85,,https://www.google.com/
#1560,x@y.com,paid,2026-06-15 12:40:00 +0000,USD,78.39,,
#1561,x@y.com,paid,2026-06-15 22:48:00 +0000,USD,140.84,,https://instagram.com/
#1561,x@y.com,paid,2026-06-15 22:48:00 +0000,USD,140.84,,https://instagram.com/
#1562,x@y.com,paid,2026-06-15 05:27:00 +0000,USD,201.71,,https://l.facebook.com/
#1563,x@y.com,paid,2026-06-15 04:58:00 +0000,USD,198.26,,https://l.facebook.com/
#1564,x@y.com,paid,2026-06-15 17:49:00 +0000,USD,89.99,,
#1565,x@y.com,paid,2026-06-15 11:50:00 +0000,USD,135.69,,https://instagram.com/
#1565,x@y.com,paid,2026-06-15 11:50:00 +0000,USD,135.69,,https://instagram.com/
#1566,x@y.com,paid,2026-06-15 18:44:00 +0000,USD,144.75,,
#1567,x@y.com,paid,2026-06-15 01:35:00 +0000,USD,98.34,,https://www.google.com/
#1568,x@y.com,paid,2026-06-15 11:01:00 +0000,USD,196.14,,https://l.facebook.com/
#1569,x@y.com,paid,2026-06-15 04:03:00 +0000,USD,119.81,,https://l.facebook.com/
#1569,x@y.com,paid,2026-06-15 04:03:00 +0000,USD,119.81,,https://l.facebook.com/
#1570,x@y.com,paid,2026-06-15 14:48:00 +0000,USD,122.41,,https://instagram.com/
#1571,x@y.com,paid,2026-06-15 06:12:00 +0000,USD,102.6,,
#1571,x@y.com,paid,2026-06-15 06:12:00 +0000,USD,102.6,,
#1572,x@y.com,paid,2026-06-15 09:02:00 +0000,USD,119.63,,
#1572,x@y.com,paid,2026-06-15 09:02:00 +0000,USD,119.63,,
#1573,x@y.com,paid,2026-06-15 08:59:00 +0000,USD,142.55,,https://l.facebook.com/
#1574,x@y.com,paid,2026-06-15 03:10:00 +0000,USD,199.44,,
#1575,x@y.com,paid,2026-06-15 09:57:00 +0000,USD,104.47,,https://l.facebook.com/
#1575,x@y.com,paid,2026-06-15 09:57:00 +0000,USD,104.47,,https://l.facebook.com/
#1576,x@y.com,paid,2026-06-15 02:57:00 +0000,USD,87.96,,https://l.facebook.com/
#1576,x@y.com,paid,2026-06-15 02:57:00 +0000,USD,87.96,,https://l.facebook.com/
#1577,x@y.com,paid,2026-06-15 09:58:00 +0000,USD,192.23,,https://l.facebook.com/
#1578,x@y.com,paid,2026-06-15 13:04:00 +0000,USD,184.47,,https://l.facebook.com/
#1578,x@y.com,paid,2026-06-15 13:04:00 +0000,USD,184.47,,https://l.facebook.com/
#1579,x@y.com,paid,2026-06-16 15:04:00 +0000,USD,131.29,,https://instagram.com/
#1580,x@y.com,paid,2026-06-16 18:34:00 +0000,USD,118.57,,https://l.facebook.com/
#1581,x@y.com,paid,2026-06-16 18:31:00 +0000,USD,126.72,,https://l.facebook.com/
#1581,x@y.com,paid,2026-06-16 18:31:00 +0000,USD,126.72,,https://l.facebook.com/
#1582,x@y.com,paid,2026-06-16 09:10:00 +0000,USD,90.24,,https://l.facebook.com/
#1583,x@y.com,paid,2026-06-16 23:56:00 +0000,USD,109.37,,https://www.google.com/
#1584,x@y.com,paid,2026-06-16 00:26:00 +0000,USD,125.56,,https://instagram.com/
#1585,x@y.com,paid,2026-06-16 03:22:00 +0000,USD,131.04,,https://www.google.com/
#1585,x@y.com,paid,2026-06-16 03:22:00 +0000,USD,131.04,,https://www.google.com/
#1586,x@y.com,paid,2026-06-16 22:57:00 +0000,USD,177.16,,
#1587,x@y.com,paid,2026-06-16 18:53:00 +0000,USD,166.96,,https://instagram.com/
#1588,x@y.com,paid,2026-06-16 17:58:00 +0000,USD,187.96,,https://instagram.com/
#1589,x@y.com,paid,2026-06-16 18:10:00 +0000,USD,157.1,,https://l.facebook.com/
#1590,x@y.com,paid,2026-06-16 23:40:00 +0000,USD,97.05,,https://instagram.com/
#1591,x@y.com,paid,2026-06-16 23:24:00 +0000,USD,186.19,,https://l.facebook.com/
#1592,x@y.com,paid,2026-06-16 01:37:00 +0000,USD,204.8,,https://instagram.com/
#1593,x@y.com,paid,2026-06-16 03:37:00 +0000,USD,82.42,,https://l.facebook.com/
#1593,x@y.com,paid,2026-06-16 03:37:00 +0000,USD,82.42,,https://l.facebook.com/
#1594,x@y.com,paid,2026-06-16 08:35:00 +0000,USD,201.37,,https://instagram.com/
#1595,x@y.com,paid,2026-06-16 16:27:00 +0000,USD,102.03,,https://instagram.com/
#1596,x@y.com,paid,2026-06-16 16:14:00 +0000,USD,156.68,,
#1597,x@y.com,paid,2026-06-16 22:22:00 +0000,USD,104.14,,https://instagram.com/
#1598,x@y.com,refunded,2026-06-16 06:46:00 +0000,USD,119.23,119.23,https://l.facebook.com/
#1599,x@y.com,paid,2026-06-16 02:57:00 +0000,USD,164.9,,https://l.facebook.com/
#1600,x@y.com,paid,2026-06-16 22:37:00 +0000,USD,150.35,,https://l.facebook.com/
#1600,x@y.com,paid,2026-06-16 22:37:00 +0000,USD,150.35,,https://l.facebook.com/
#1601,x@y.com,paid,2026-06-16 08:33:00 +0000,USD,94.9,,
#1602,x@y.com,paid,2026-06-16 06:11:00 +0000,USD,175.93,,https://l.facebook.com/
#1603,x@y.com,paid,2026-06-16 22:53:00 +0000,USD,176.22,,https://l.facebook.com/
#1603,x@y.com,paid,2026-06-16 22:53:00 +0000,USD,176.22,,https://l.facebook.com/
#1604,x@y.com,paid,2026-06-16 02:56:00 +0000,USD,190.01,,https://www.google.com/
#1605,x@y.com,paid,2026-06-16 15:03:00 +0000,USD,83.74,,
#1605,x@y.com,paid,2026-06-16 15:03:00 +0000,USD,83.74,,
#1606,x@y.com,paid,2026-06-16 13:23:00 +0000,USD,190.8,,https://l.facebook.com/
#1607,x@y.com,paid,2026-06-16 23:45:00 +0000,USD,162.42,,
#1607,x@y.com,paid,2026-06-16 23:45:00 +0000,USD,162.42,,
#1608,x@y.com,paid,2026-06-16 21:52:00 +0000,USD,139.02,,https://instagram.com/
#1609,x@y.com,paid,2026-06-16 07:08:00 +0000,USD,98.63,,
#1610,x@y.com,paid,2026-06-16 04:43:00 +0000,USD,205.82,,https://www.google.com/
#1611,x@y.com,paid,2026-06-16 09:39:00 +0000,USD,166.46,,https://l.facebook.com/
#1612,x@y.com,paid,2026-06-16 21:03:00 +0000,USD,124.76,,https://l.facebook.com/
#1613,x@y.com,paid,2026-06-16 14:29:00 +0000,USD,166.16,,
#1614,x@y.com,paid,2026-06-16 19:23:00 +0000,USD,157.37,,https://l.facebook.com/
#1615,x@y.com,paid,2026-06-16 15:31:00 +0000,USD,86.23,,https://l.facebook.com/
#1616,x@y.com,paid,2026-06-17 20:25:00 +0000,USD,179.94,,https://instagram.com/
#1617,x@y.com,paid,2026-06-17 18:25:00 +0000,USD,151.15,,https://l.facebook.com/
#1618,x@y.com,paid,2026-06-17 09:47:00 +0000,USD,114.26,,https://l.facebook.com/
#1618,x@y.com,paid,2026-06-17 09:47:00 +0000,USD,114.26,,https://l.facebook.com/
#1619,x@y.com,paid,2026-06-17 11:51:00 +0000,USD,176.22,,https://instagram.com/
#1620,x@y.com,paid,2026-06-17 16:19:00 +0000,USD,122.81,,https://l.facebook.com/
#1621,x@y.com,paid,2026-06-17 22:18:00 +0000,USD,120.83,,https://instagram.com/
#1622,x@y.com,paid,2026-06-17 17:22:00 +0000,USD,142.47,,https://l.facebook.com/
#1623,x@y.com,paid,2026-06-17 22:38:00 +0000,USD,131.87,,
#1624,x@y.com,paid,2026-06-17 04:15:00 +0000,USD,192.38,,https://l.facebook.com/
#1625,x@y.com,paid,2026-06-17 05:52:00 +0000,USD,188.87,,
#1626,x@y.com,paid,2026-06-17 10:32:00 +0000,USD,160.41,,https://l.facebook.com/
#1627,x@y.com,paid,2026-06-17 23:42:00 +0000,USD,85.84,,
#1628,x@y.com,paid,2026-06-17 19:27:00 +0000,USD,112.28,,https://l.facebook.com/
#1629,x@y.com,paid,2026-06-17 06:56:00 +0000,USD,189.83,,https://www.google.com/
#1630,x@y.com,paid,2026-06-17 02:30:00 +0000,USD,197.08,,https://www.google.com/
#1631,x@y.com,paid,2026-06-17 23:33:00 +0000,USD,145.66,,https://l.facebook.com/
#1632,x@y.com,paid,2026-06-17 23:31:00 +0000,USD,186.92,,
#1632,x@y.com,paid,2026-06-17 23:31:00 +0000,USD,186.92,,
#1633,x@y.com,paid,2026-06-17 20:33:00 +0000,USD,143.39,,https://l.facebook.com/
#1634,x@y.com,paid,2026-06-17 23:11:00 +0000,USD,200.15,,https://l.facebook.com/
#1634,x@y.com,paid,2026-06-17 23:11:00 +0000,USD,200.15,,https://l.facebook.com/
#1635,x@y.com,paid,2026-06-17 13:32:00 +0000,USD,121.46,,https://www.google.com/
#1636,x@y.com,paid,2026-06-17 02:49:00 +0000,USD,191.99,,https://l.facebook.com/
#1636,x@y.com,paid,2026-06-17 02:49:00 +0000,USD,191.99,,https://l.facebook.com/
#1637,x@y.com,paid,2026-06-17 02:48:00 +0000,USD,126.42,,https://l.facebook.com/
#1637,x@y.com,paid,2026-06-17 02:48:00 +0000,USD,126.42,,https://l.facebook.com/
#1638,x@y.com,paid,2026-06-17 19:21:00 +0000,USD,86.24,,https://l.facebook.com/
#1638,x@y.com,paid,2026-06-17 19:21:00 +0000,USD,86.24,,https://l.facebook.com/
#1639,x@y.com,paid,2026-06-17 07:01:00 +0000,USD,204.13,,https://l.facebook.com/
#1640,x@y.com,paid,2026-06-17 13:23:00 +0000,USD,189.89,,https://www.google.com/
#1641,x@y.com,paid,2026-06-17 14:01:00 +0000,USD,118.45,,https://instagram.com/
#1642,x@y.com,paid,2026-06-17 22:08:00 +0000,USD,158.43,,https://l.facebook.com/
#1643,x@y.com,paid,2026-06-17 06:15:00 +0000,USD,120.55,,
#1644,x@y.com,paid,2026-06-17 06:34:00 +0000,USD,98.6,,
#1644,x@y.com,paid,2026-06-17 06:34:00 +0000,USD,98.6,,
#1645,x@y.com,paid,2026-06-17 02:10:00 +0000,USD,84.78,,
#1646,x@y.com,refunded,2026-06-17 02:55:00 +0000,USD,168.1,168.1,
#1647,x@y.com,paid,2026-06-18 21:14:00 +0000,USD,104.89,,https://www.google.com/
#1648,x@y.com,paid,2026-06-18 03:51:00 +0000,USD,125.42,,https://l.facebook.com/
#1649,x@y.com,paid,2026-06-18 08:00:00 +0000,USD,136.11,,https://www.google.com/
#1649,x@y.com,paid,2026-06-18 08:00:00 +0000,USD,136.11,,https://www.google.com/
#1650,x@y.com,paid,2026-06-18 22:31:00 +0000,USD,148.83,,
#1651,x@y.com,paid,2026-06-18 07:35:00 +0000,USD,207.16,,
#1652,x@y.com,paid,2026-06-18 16:07:00 +0000,USD,145.23,,
#1653,x@y.com,paid,2026-06-18 12:15:00 +0000,USD,201.44,,
#1654,x@y.com,paid,2026-06-18 00:15:00 +0000,USD,86.28,,https://www.google.com/
#1655,x@y.com,paid,2026-06-18 15:26:00 +0000,USD,140.15,,
#1656,x@y.com,refunded,2026-06-18 00:38:00 +0000,USD,204.31,204.31,https://l.facebook.com/
#1657,x@y.com,paid,2026-06-18 04:37:00 +0000,USD,162.94,,
#1658,x@y.com,paid,2026-06-18 20:55:00 +0000,USD,137.59,,https://instagram.com/
#1659,x@y.com,paid,2026-06-18 05:53:00 +0000,USD,167.98,,https://instagram.com/
#1659,x@y.com,paid,2026-06-18 05:53:00 +0000,USD,167.98,,https://instagram.com/
#1660,x@y.com,paid,2026-06-18 11:12:00 +0000,USD,187.44,,https://l.facebook.com/
#1661,x@y.com,paid,2026-06-18 04:18:00 +0000,USD,136.76,,https://instagram.com/
#1662,x@y.com,paid,2026-06-18 06:56:00 +0000,USD,134.91,,
#1663,x@y.com,paid,2026-06-18 18:32:00 +0000,USD,117.94,,
#1664,x@y.com,paid,2026-06-18 02:48:00 +0000,USD,151.27,,https://instagram.com/
#1664,x@y.com,paid,2026-06-18 02:48:00 +0000,USD,151.27,,https://instagram.com/
#1665,x@y.com,paid,2026-06-18 12:29:00 +0000,USD,141.35,,https://l.facebook.com/
#1665,x@y.com,paid,2026-06-18 12:29:00 +0000,USD,141.35,,https://l.facebook.com/
#1666,x@y.com,paid,2026-06-18 19:26:00 +0000,USD,183.03,,https://l.facebook.com/
#1667,x@y.com,paid,2026-06-18 16:05:00 +0000,USD,167.73,,https://l.facebook.com/
#1667,x@y.com,paid,2026-06-18 16:05:00 +0000,USD,167.73,,https://l.facebook.com/
#1668,x@y.com,paid,2026-06-18 02:55:00 +0000,USD,92.32,,https://l.facebook.com/
#1668,x@y.com,paid,2026-06-18 02:55:00 +0000,USD,92.32,,https://l.facebook.com/
#1669,x@y.com,paid,2026-06-18 19:37:00 +0000,USD,151.06,,https://l.facebook.com/
#1670,x@y.com,paid,2026-06-18 23:08:00 +0000,USD,80.97,,https://l.facebook.com/
#1671,x@y.com,refunded,2026-06-18 13:54:00 +0000,USD,112.25,112.25,https://www.google.com/
#1672,x@y.com,paid,2026-06-18 02:51:00 +0000,USD,139.96,,https://instagram.com/
#1672,x@y.com,paid,2026-06-18 02:51:00 +0000,USD,139.96,,https://instagram.com/
#1673,x@y.com,refunded,2026-06-18 07:11:00 +0000,USD,98.3,98.3,https://www.google.com/
#1674,x@y.com,paid,2026-06-18 19:35:00 +0000,USD,198.36,,https://l.facebook.com/
#1675,x@y.com,paid,2026-06-18 21:13:00 +0000,USD,112.68,,
#1676,x@y.com,paid,2026-06-18 20:02:00 +0000,USD,100.27,,https://l.facebook.com/
#1677,x@y.com,paid,2026-06-18 07:15:00 +0000,USD,174.88,,https://www.google.com/
#1678,x@y.com,paid,2026-06-19 14:17:00 +0000,USD,103.2,,
#1679,x@y.com,paid,2026-06-19 23:11:00 +0000,USD,125.97,,
#1680,x@y.com,paid,2026-06-19 12:38:00 +0000,USD,160.17,,https://l.facebook.com/
#1681,x@y.com,paid,2026-06-19 23:55:00 +0000,USD,110.62,,
#1682,x@y.com,paid,2026-06-19 04:54:00 +0000,USD,165.78,,https://l.facebook.com/
#1683,x@y.com,paid,2026-06-19 21:10:00 +0000,USD,146.37,,https://www.google.com/
#1684,x@y.com,paid,2026-06-19 03:59:00 +0000,USD,116.66,,https://l.facebook.com/
#1685,x@y.com,paid,2026-06-19 15:11:00 +0000,USD,80.79,,
#1686,x@y.com,paid,2026-06-19 00:12:00 +0000,USD,169.6,,
#1687,x@y.com,paid,2026-06-19 21:38:00 +0000,USD,101.64,,https://www.google.com/
#1687,x@y.com,paid,2026-06-19 21:38:00 +0000,USD,101.64,,https://www.google.com/
#1688,x@y.com,paid,2026-06-19 16:44:00 +0000,USD,140.19,,https://instagram.com/
#1689,x@y.com,paid,2026-06-19 09:39:00 +0000,USD,114.46,,
#1690,x@y.com,paid,2026-06-19 11:48:00 +0000,USD,150.45,,https://l.facebook.com/
#1690,x@y.com,paid,2026-06-19 11:48:00 +0000,USD,150.45,,https://l.facebook.com/
#1691,x@y.com,paid,2026-06-19 11:09:00 +0000,USD,143.06,,https://www.google.com/
#1691,x@y.com,paid,2026-06-19 11:09:00 +0000,USD,143.06,,https://www.google.com/
#1692,x@y.com,paid,2026-06-19 14:05:00 +0000,USD,146.46,,https://l.facebook.com/
#1693,x@y.com,paid,2026-06-19 19:14:00 +0000,USD,80.29,,https://www.google.com/
#1693,x@y.com,paid,2026-06-19 19:14:00 +0000,USD,80.29,,https://www.google.com/
#1694,x@y.com,paid,2026-06-19 21:35:00 +0000,USD,209.04,,
#1695,x@y.com,paid,2026-06-19 21:35:00 +0000,USD,166.06,,https://l.facebook.com/
#1696,x@y.com,paid,2026-06-19 05:25:00 +0000,USD,134.48,,https://instagram.com/
#1697,x@y.com,refunded,2026-06-19 22:11:00 +0000,USD,117.35,117.35,https://l.facebook.com/
#1698,x@y.com,paid,2026-06-19 20:54:00 +0000,USD,152.77,,https://l.facebook.com/
#1698,x@y.com,paid,2026-06-19 20:54:00 +0000,USD,152.77,,https://l.facebook.com/
#1699,x@y.com,paid,2026-06-19 14:04:00 +0000,USD,78.79,,
#1699,x@y.com,paid,2026-06-19 14:04:00 +0000,USD,78.79,,
#1700,x@y.com,paid,2026-06-19 09:55:00 +0000,USD,206.28,,https://instagram.com/
#1701,x@y.com,paid,2026-06-19 00:50:00 +0000,USD,158.96,,
#1701,x@y.com,paid,2026-06-19 00:50:00 +0000,USD,158.96,,
#1702,x@y.com,paid,2026-06-19 08:21:00 +0000,USD,120.69,,https://www.google.com/
#1703,x@y.com,paid,2026-06-19 15:10:00 +0000,USD,199.36,,https://instagram.com/
#1703,x@y.com,paid,2026-06-19 15:10:00 +0000,USD,199.36,,https://instagram.com/
#1704,x@y.com,paid,2026-06-19 19:56:00 +0000,USD,108.6,,https://instagram.com/
#1705,x@y.com,paid,2026-06-19 05:15:00 +0000,USD,139.54,,https://www.google.com/
#1706,x@y.com,paid,2026-06-19 15:43:00 +0000,USD,125.62,,
#1707,x@y.com,paid,2026-06-19 14:25:00 +0000,USD,158.21,,https://instagram.com/
#1707,x@y.com,paid,2026-06-19 14:25:00 +0000,USD,158.21,,https://instagram.com/
#1708,x@y.com,paid,2026-06-19 13:35:00 +0000,USD,133.8,,
#1709,x@y.com,paid,2026-06-19 03:00:00 +0000,USD,203.4,,https://l.facebook.com/
#1710,x@y.com,paid,2026-06-19 05:59:00 +0000,USD,193.33,,
#1710,x@y.com,paid,2026-06-19 05:59:00 +0000,USD,193.33,,
#1711,x@y.com,refunded,2026-06-20 00:43:00 +0000,USD,189.37,189.37,https://l.facebook.com/
#1712,x@y.com,paid,2026-06-20 19:41:00 +0000,USD,129.65,,
#1713,x@y.com,paid,2026-06-20 07:30:00 +0000,USD,155.98,,https://www.google.com/
#1714,x@y.com,paid,2026-06-20 13:30:00 +0000,USD,125.71,,https://instagram.com/
#1715,x@y.com,paid,2026-06-20 08:14:00 +0000,USD,104.43,,
#1716,x@y.com,paid,2026-06-20 16:25:00 +0000,USD,90.08,,https://l.facebook.com/
#1717,x@y.com,paid,2026-06-20 01:21:00 +0000,USD,108.01,,https://www.google.com/
#1718,x@y.com,paid,2026-06-20 05:16:00 +0000,USD,209.52,,https://instagram.com/
#1719,x@y.com,paid,2026-06-20 03:05:00 +0000,USD,176.08,,
#1720,x@y.com,paid,2026-06-20 18:28:00 +0000,USD,149.61,,https://l.facebook.com/
#1721,x@y.com,paid,2026-06-20 19:14:00 +0000,USD,97.44,,
#1721,x@y.com,paid,2026-06-20 19:14:00 +0000,USD,97.44,,
#1722,x@y.com,paid,2026-06-20 13:50:00 +0000,USD,172.68,,
#1723,x@y.com,paid,2026-06-20 02:32:00 +0000,USD,80.5,,
#1724,x@y.com,paid,2026-06-20 11:27:00 +0000,USD,102.36,,https://l.facebook.com/
#1724,x@y.com,paid,2026-06-20 11:27:00 +0000,USD,102.36,,https://l.facebook.com/
#1725,x@y.com,refunded,2026-06-20 08:07:00 +0000,USD,112.13,112.13,
#1725,x@y.com,refunded,2026-06-20 08:07:00 +0000,USD,112.13,112.13,
#1726,x@y.com,paid,2026-06-20 10:04:00 +0000,USD,164.93,,https://www.google.com/
#1727,x@y.com,paid,2026-06-20 15:19:00 +0000,USD,189.59,,https://instagram.com/
#1728,x@y.com,paid,2026-06-20 00:15:00 +0000,USD,138.48,,
#1729,x@y.com,paid,2026-06-20 13:33:00 +0000,USD,156.86,,https://www.google.com/
#1730,x@y.com,paid,2026-06-20 08:48:00 +0000,USD,150.74,,https://instagram.com/
#1731,x@y.com,paid,2026-06-20 11:09:00 +0000,USD,134.64,,https://l.facebook.com/
#1732,x@y.com,paid,2026-06-20 04:58:00 +0000,USD,130.19,,
#1733,x@y.com,refunded,2026-06-20 21:10:00 +0000,USD,126.56,126.56,
#1734,x@y.com,paid,2026-06-20 00:49:00 +0000,USD,150.37,,https://instagram.com/
#1735,x@y.com,refunded,2026-06-20 05:33:00 +0000,USD,139.53,139.53,https://www.google.com/
#1736,x@y.com,paid,2026-06-20 19:31:00 +0000,USD,107.52,,https://l.facebook.com/
#1736,x@y.com,paid,2026-06-20 19:31:00 +0000,USD,107.52,,https://l.facebook.com/
#1737,x@y.com,paid,2026-06-20 15:26:00 +0000,USD,133.08,,https://www.google.com/
#1737,x@y.com,paid,2026-06-20 15:26:00 +0000,USD,133.08,,https://www.google.com/
#1738,x@y.com,paid,2026-06-20 02:52:00 +0000,USD,189.15,,
#1739,x@y.com,paid,2026-06-20 20:39:00 +0000,USD,155.31,,https://l.facebook.com/
#1740,x@y.com,paid,2026-06-20 07:11:00 +0000,USD,150.51,,https://instagram.com/
#1741,x@y.com,refunded,2026-06-20 14:20:00 +0000,USD,197.08,197.08,https://l.facebook.com/
#1741,x@y.com,refunded,2026-06-20 14:20:00 +0000,USD,197.08,197.08,https://l.facebook.com/
#1742,x@y.com,paid,2026-06-20 00:49:00 +0000,USD,86.79,,
#1742,x@y.com,paid,2026-06-20 00:49:00 +0000,USD,86.79,,
#1743,x@y.com,paid,2026-06-20 10:13:00 +0000,USD,137.22,,https://www.google.com/
#1744,x@y.com,paid,2026-06-21 08:00:00 +0000,USD,108.7,,https://instagram.com/
#1745,x@y.com,paid,2026-06-21 02:57:00 +0000,USD,164.12,,
#1746,x@y.com,paid,2026-06-21 04:04:00 +0000,USD,182.43,,https://l.facebook.com/
#1747,x@y.com,paid,2026-06-21 19:53:00 +0000,USD,123.85,,https://instagram.com/
#1748,x@y.com,paid,2026-06-21 07:31:00 +0000,USD,196.99,,
#1749,x@y.com,paid,2026-06-21 04:28:00 +0000,USD,185.87,,https://www.google.com/
#1750,x@y.com,paid,2026-06-21 21:45:00 +0000,USD,179.24,,https://www.google.com/
#1750,x@y.com,paid,2026-06-21 21:45:00 +0000,USD,179.24,,https://www.google.com/
#1751,x@y.com,paid,2026-06-21 18:55:00 +0000,USD,141.3,,https://l.facebook.com/
#1752,x@y.com,paid,2026-06-21 11:43:00 +0000,USD,146.86,,https://l.facebook.com/
#1752,x@y.com,paid,2026-06-21 11:43:00 +0000,USD,146.86,,https://l.facebook.com/
#1753,x@y.com,paid,2026-06-21 06:55:00 +0000,USD,84.14,,https://instagram.com/
#1754,x@y.com,paid,2026-06-21 15:15:00 +0000,USD,190.81,,https://l.facebook.com/
#1754,x@y.com,paid,2026-06-21 15:15:00 +0000,USD,190.81,,https://l.facebook.com/
#1755,x@y.com,paid,2026-06-21 23:16:00 +0000,USD,83.68,,https://instagram.com/
#1756,x@y.com,refunded,2026-06-21 23:44:00 +0000,USD,93.64,93.64,https://instagram.com/
#1756,x@y.com,refunded,2026-06-21 23:44:00 +0000,USD,93.64,93.64,https://instagram.com/
#1757,x@y.com,paid,2026-06-21 10:18:00 +0000,USD,186.34,,https://instagram.com/
#1758,x@y.com,paid,2026-06-21 13:43:00 +0000,USD,176.21,,https://l.facebook.com/
#1758,x@y.com,paid,2026-06-21 13:43:00 +0000,USD,176.21,,https://l.facebook.com/
#1759,x@y.com,paid,2026-06-21 12:23:00 +0000,USD,101.55,,https://l.facebook.com/
#1759,x@y.com,paid,2026-06-21 12:23:00 +0000,USD,101.55,,https://l.facebook.com/
#1760,x@y.com,paid,2026-06-21 05:25:00 +0000,USD,110.48,,https://l.facebook.com/
#1761,x@y.com,paid,2026-06-21 05:27:00 +0000,USD,116.31,,https://l.facebook.com/
#1762,x@y.com,paid,2026-06-21 12:59:00 +0000,USD,194.1,,
#1762,x@y.com,paid,2026-06-21 12:59:00 +0000,USD,194.1,,
#1763,x@y.com,paid,2026-06-21 11:36:00 +0000,USD,132.53,,https://l.facebook.com/
#1764,x@y.com,paid,2026-06-21 15:04:00 +0000,USD,130.8,,
#1764,x@y.com,paid,2026-06-21 15:04:00 +0000,USD,130.8,,
#1765,x@y.com,paid,2026-06-21 02:09:00 +0000,USD,79.29,,https://l.facebook.com/
#1766,x@y.com,paid,2026-06-21 23:28:00 +0000,USD,109.03,,https://instagram.com/
#1767,x@y.com,paid,2026-06-21 11:20:00 +0000,USD,113.87,,
#1768,x@y.com,paid,2026-06-21 02:52:00 +0000,USD,86.04,,https://www.google.com/
#1769,x@y.com,paid,2026-06-21 22:43:00 +0000,USD,161.55,,
#1770,x@y.com,paid,2026-06-21 07:11:00 +0000,USD,160.13,,https://instagram.com/
#1770,x@y.com,paid,2026-06-21 07:11:00 +0000,USD,160.13,,https://instagram.com/
#1771,x@y.com,paid,2026-06-21 16:48:00 +0000,USD,115.87,,https://l.facebook.com/
#1772,x@y.com,paid,2026-06-21 17:08:00 +0000,USD,166.88,,https://instagram.com/
#1772,x@y.com,paid,2026-06-21 17:08:00 +0000,USD,166.88,,https://instagram.com/
#1773,x@y.com,paid,2026-06-21 22:33:00 +0000,USD,99.07,,https://instagram.com/
#1774,x@y.com,refunded,2026-06-21 12:12:00 +0000,USD,127.39,127.39,
#1775,x@y.com,paid,2026-06-21 22:04:00 +0000,USD,164.41,,
#1775,x@y.com,paid,2026-06-21 22:04:00 +0000,USD,164.41,,
#1776,x@y.com,paid,2026-06-21 17:08:00 +0000,USD,201.48,,
#1777,x@y.com,paid,2026-06-21 20:29:00 +0000,USD,157.38,,https://l.facebook.com/
#1777,x@y.com,paid,2026-06-21 20:29:00 +0000,USD,157.38,,https://l.facebook.com/
#1778,x@y.com,paid,2026-06-21 18:07:00 +0000,USD,209.82,,https://l.facebook.com/
#1778,x@y.com,paid,2026-06-21 18:07:00 +0000,USD,209.82,,https://l.facebook.com/
#1779,x@y.com,paid,2026-06-21 16:48:00 +0000,USD,141.24,,
#1780,x@y.com,paid,2026-06-21 22:02:00 +0000,USD,122.68,,https://instagram.com/
#1780,x@y.com,paid,2026-06-21 22:02:00 +0000,USD,122.68,,https://instagram.com/
#1781,x@y.com,paid,2026-06-21 01:34:00 +0000,USD,204.96,,https://www.google.com/
#1782,x@y.com,paid,2026-06-21 03:41:00 +0000,USD,154.3,,https://www.google.com/
#1783,x@y.com,paid,2026-06-21 15:27:00 +0000,USD,137.32,,
#1784,x@y.com,paid,2026-06-21 22:39:00 +0000,USD,147.45,,https://l.facebook.com/
#1785,x@y.com,paid,2026-06-21 10:46:00 +0000,USD,206.73,,
#1785,x@y.com,paid,2026-06-21 10:46:00 +0000,USD,206.73,,
#1786,x@y.com,paid,2026-06-21 22:29:00 +0000,USD,128.24,,https://instagram.com/
#1787,x@y.com,paid,2026-06-22 02:32:00 +0000,USD,196.76,,https://l.facebook.com/
#1787,x@y.com,paid,2026-06-22 02:32:00 +0000,USD,196.76,,https://l.facebook.com/
#1788,x@y.com,paid,2026-06-22 19:50:00 +0000,USD,88.45,,
#1788,x@y.com,paid,2026-06-22 19:50:00 +0000,USD,88.45,,
#1789,x@y.com,refunded,2026-06-22 10:12:00 +0000,USD,115.98,115.98,
#1789,x@y.com,refunded,2026-06-22 10:12:00 +0000,USD,115.98,115.98,
#1790,x@y.com,refunded,2026-06-22 12:41:00 +0000,USD,146.08,146.08,https://www.google.com/
#1791,x@y.com,paid,2026-06-22 05:29:00 +0000,USD,140.51,,
#1792,x@y.com,paid,2026-06-22 05:20:00 +0000,USD,99.89,,https://l.facebook.com/
#1793,x@y.com,paid,2026-06-22 23:42:00 +0000,USD,197.3,,https://l.facebook.com/
#1793,x@y.com,paid,2026-06-22 23:42:00 +0000,USD,197.3,,https://l.facebook.com/
#1794,x@y.com,paid,2026-06-22 17:29:00 +0000,USD,200.44,,https://l.facebook.com/
#1795,x@y.com,paid,2026-06-22 21:38:00 +0000,USD,204.35,,https://l.facebook.com/
#1796,x@y.com,paid,2026-06-22 21:39:00 +0000,USD,93.44,,https://l.facebook.com/
#1797,x@y.com,paid,2026-06-22 23:36:00 +0000,USD,162.03,,https://instagram.com/
#1798,x@y.com,paid,2026-06-22 21:40:00 +0000,USD,161.08,,https://l.facebook.com/
#1799,x@y.com,paid,2026-06-22 12:44:00 +0000,USD,112.05,,
#1800,x@y.com,paid,2026-06-22 10:53:00 +0000,USD,129.53,,
#1801,x@y.com,paid,2026-06-22 14:17:00 +0000,USD,175.58,,https://l.facebook.com/
#1802,x@y.com,paid,2026-06-22 03:36:00 +0000,USD,88.07,,
#1803,x@y.com,paid,2026-06-22 14:32:00 +0000,USD,153.91,,https://www.google.com/
#1803,x@y.com,paid,2026-06-22 14:32:00 +0000,USD,153.91,,https://www.google.com/
#1804,x@y.com,paid,2026-06-22 20:50:00 +0000,USD,206.92,,https://instagram.com/
#1805,x@y.com,paid,2026-06-22 15:56:00 +0000,USD,155.56,,https://l.facebook.com/
#1806,x@y.com,paid,2026-06-22 21:35:00 +0000,USD,179.86,,https://instagram.com/
#1807,x@y.com,paid,2026-06-22 06:54:00 +0000,USD,100.25,,https://instagram.com/
#1808,x@y.com,paid,2026-06-22 02:20:00 +0000,USD,206.2,,https://l.facebook.com/
#1809,x@y.com,paid,2026-06-22 04:50:00 +0000,USD,200.33,,
#1810,x@y.com,paid,2026-06-22 15:52:00 +0000,USD,163.55,,https://l.facebook.com/
#1811,x@y.com,paid,2026-06-22 06:01:00 +0000,USD,161.24,,https://instagram.com/
#1812,x@y.com,paid,2026-06-22 04:14:00 +0000,USD,142.66,,https://l.facebook.com/
#1813,x@y.com,paid,2026-06-22 21:17:00 +0000,USD,153.32,,https://instagram.com/
#1814,x@y.com,paid,2026-06-22 06:38:00 +0000,USD,158.15,,
#1814,x@y.com,paid,2026-06-22 06:38:00 +0000,USD,158.15,,
#1815,x@y.com,paid,2026-06-22 09:50:00 +0000,USD,183.52,,
#1816,x@y.com,paid,2026-06-22 04:11:00 +0000,USD,125.35,,https://www.google.com/
#1817,x@y.com,paid,2026-06-22 16:51:00 +0000,USD,166.88,,
#1817,x@y.com,paid,2026-06-22 16:51:00 +0000,USD,166.88,,
#1818,x@y.com,paid,2026-06-22 03:24:00 +0000,USD,122.95,,https://l.facebook.com/
#1819,x@y.com,refunded,2026-06-22 12:35:00 +0000,USD,117.35,117.35,
#1820,x@y.com,paid,2026-06-22 15:03:00 +0000,USD,137.81,,https://l.facebook.com/
#1821,x@y.com,paid,2026-06-22 21:39:00 +0000,USD,81.23,,https://l.facebook.com/
#1822,x@y.com,paid,2026-06-22 05:40:00 +0000,USD,161.02,,https://instagram.com/
#1823,x@y.com,paid,2026-06-22 06:40:00 +0000,USD,90.05,,https://instagram.com/
#1823,x@y.com,paid,2026-06-22 06:40:00 +0000,USD,90.05,,https://instagram.com/
#1824,x@y.com,paid,2026-06-22 02:25:00 +0000,USD,152.75,,https://l.facebook.com/
#1824,x@y.com,paid,2026-06-22 02:25:00 +0000,USD,152.75,,https://l.facebook.com/
#1825,x@y.com,paid,2026-06-23 03:07:00 +0000,USD,116.14,,https://l.facebook.com/
#1826,x@y.com,paid,2026-06-23 19:36:00 +0000,USD,91.63,,https://l.facebook.com/
#1827,x@y.com,paid,2026-06-23 22:23:00 +0000,USD,130.7,,https://l.facebook.com/
#1828,x@y.com,paid,2026-06-23 13:40:00 +0000,USD,157.31,,https://l.facebook.com/
#1829,x@y.com,paid,2026-06-23 12:29:00 +0000,USD,85.68,,https://instagram.com/
#1830,x@y.com,paid,2026-06-23 04:25:00 +0000,USD,79.92,,https://l.facebook.com/
#1831,x@y.com,paid,2026-06-23 01:30:00 +0000,USD,143.23,,https://instagram.com/
#1831,x@y.com,paid,2026-06-23 01:30:00 +0000,USD,143.23,,https://instagram.com/
#1832,x@y.com,paid,2026-06-23 01:06:00 +0000,USD,96.99,,
#1832,x@y.com,paid,2026-06-23 01:06:00 +0000,USD,96.99,,
#1833,x@y.com,paid,2026-06-23 14:11:00 +0000,USD,107.19,,https://l.facebook.com/
#1834,x@y.com,paid,2026-06-23 20:09:00 +0000,USD,141.8,,https://l.facebook.com/
#1835,x@y.com,paid,2026-06-23 17:44:00 +0000,USD,78.2,,https://www.google.com/
#1836,x@y.com,paid,2026-06-23 06:50:00 +0000,USD,192.64,,
#1837,x@y.com,paid,2026-06-23 08:35:00 +0000,USD,167.89,,https://instagram.com/
#1838,x@y.com,paid,2026-06-23 09:37:00 +0000,USD,130.78,,https://l.facebook.com/
#1838,x@y.com,paid,2026-06-23 09:37:00 +0000,USD,130.78,,https://l.facebook.com/
#1839,x@y.com,paid,2026-06-23 04:28:00 +0000,USD,89.39,,
#1840,x@y.com,paid,2026-06-23 02:53:00 +0000,USD,133.9,,https://l.facebook.com/
#1841,x@y.com,refunded,2026-06-23 10:14:00 +0000,USD,141.4,141.4,https://www.google.com/
#1841,x@y.com,refunded,2026-06-23 10:14:00 +0000,USD,141.4,141.4,https://www.google.com/
#1842,x@y.com,paid,2026-06-23 11:58:00 +0000,USD,194.93,,
#1843,x@y.com,paid,2026-06-23 11:51:00 +0000,USD,180.68,,
#1844,x@y.com,paid,2026-06-23 00:16:00 +0000,USD,185.4,,https://l.facebook.com/
#1844,x@y.com,paid,2026-06-23 00:16:00 +0000,USD,185.4,,https://l.facebook.com/
#1845,x@y.com,paid,2026-06-23 03:46:00 +0000,USD,143.68,,https://www.google.com/
#1846,x@y.com,paid,2026-06-23 19:51:00 +0000,USD,169.42,,https://www.google.com/
#1846,x@y.com,paid,2026-06-23 19:51:00 +0000,USD,169.42,,https://www.google.com/
#1847,x@y.com,paid,2026-06-23 06:03:00 +0000,USD,148.49,,https://l.facebook.com/
#1848,x@y.com,paid,2026-06-23 10:13:00 +0000,USD,107.23,,https://instagram.com/
#1849,x@y.com,paid,2026-06-23 15:22:00 +0000,USD,159.73,,https://www.google.com/
#1850,x@y.com,paid,2026-06-23 17:39:00 +0000,USD,200.91,,https://l.facebook.com/
#1850,x@y.com,paid,2026-06-23 17:39:00 +0000,USD,200.91,,https://l.facebook.com/
#1851,x@y.com,paid,2026-06-23 16:16:00 +0000,USD,158.97,,https://instagram.com/
#1851,x@y.com,paid,2026-06-23 16:16:00 +0000,USD,158.97,,https://instagram.com/
#1852,x@y.com,paid,2026-06-23 02:13:00 +0000,USD,112.31,,https://instagram.com/
#1853,x@y.com,paid,2026-06-23 07:38:00 +0000,USD,108.64,,
#1853,x@y.com,paid,2026-06-23 07:38:00 +0000,USD,108.64,,
#1854,x@y.com,paid,2026-06-23 21:59:00 +0000,USD,196.56,,https://l.facebook.com/
#1855,x@y.com,paid,2026-06-23 00:48:00 +0000,USD,86.77,,https://l.facebook.com/
#1855,x@y.com,paid,2026-06-23 00:48:00 +0000,USD,86.77,,https://l.facebook.com/
#1856,x@y.com,paid,2026-06-23 05:33:00 +0000,USD,116.78,,
#1857,x@y.com,paid,2026-06-23 16:46:00 +0000,USD,189.26,,https://l.facebook.com/
#1858,x@y.com,paid,2026-06-23 21:36:00 +0000,USD,117.66,,https://l.facebook.com/
#1859,x@y.com,paid,2026-06-23 14:52:00 +0000,USD,126.81,,https://instagram.com/
#1860,x@y.com,paid,2026-06-23 11:05:00 +0000,USD,94.29,,
#1861,x@y.com,paid,2026-06-23 23:56:00 +0000,USD,81.12,,
#1862,x@y.com,paid,2026-06-23 16:05:00 +0000,USD,97.55,,https://instagram.com/
#1863,x@y.com,paid,2026-06-23 07:36:00 +0000,USD,149.95,,https://l.facebook.com/
#1864,x@y.com,paid,2026-06-23 18:20:00 +0000,USD,165.09,,https://l.facebook.com/
#1865,x@y.com,paid,2026-06-23 10:36:00 +0000,USD,193.86,,https://l.facebook.com/
#1866,x@y.com,refunded,2026-06-23 20:38:00 +0000,USD,155.28,155.28,https://l.facebook.com/
#1867,x@y.com,paid,2026-06-24 19:54:00 +0000,USD,159.29,,
#1868,x@y.com,paid,2026-06-24 02:35:00 +0000,USD,204.15,,https://instagram.com/
#1869,x@y.com,paid,2026-06-24 13:56:00 +0000,USD,79.98,,https://www.google.com/
#1870,x@y.com,paid,2026-06-24 03:49:00 +0000,USD,93.14,,https://instagram.com/
#1871,x@y.com,paid,2026-06-24 16:05:00 +0000,USD,209.22,,https://l.facebook.com/
#1872,x@y.com,paid,2026-06-24 20:54:00 +0000,USD,115.2,,https://www.google.com/
#1872,x@y.com,paid,2026-06-24 20:54:00 +0000,USD,115.2,,https://www.google.com/
#1873,x@y.com,paid,2026-06-24 23:50:00 +0000,USD,122.25,,https://l.facebook.com/
#1874,x@y.com,refunded,2026-06-24 15:53:00 +0000,USD,83.52,83.52,https://instagram.com/
#1874,x@y.com,refunded,2026-06-24 15:53:00 +0000,USD,83.52,83.52,https://instagram.com/
#1875,x@y.com,paid,2026-06-24 08:53:00 +0000,USD,159.33,,https://l.facebook.com/
#1875,x@y.com,paid,2026-06-24 08:53:00 +0000,USD,159.33,,https://l.facebook.com/
#1876,x@y.com,paid,2026-06-24 06:16:00 +0000,USD,136.99,,
#1877,x@y.com,paid,2026-06-24 18:24:00 +0000,USD,116.38,,https://l.facebook.com/
#1878,x@y.com,paid,2026-06-24 04:43:00 +0000,USD,106.79,,https://www.google.com/
#1879,x@y.com,paid,2026-06-24 16:24:00 +0000,USD,95.54,,https://l.facebook.com/
#1880,x@y.com,paid,2026-06-24 00:59:00 +0000,USD,188.16,,https://l.facebook.com/
#1881,x@y.com,paid,2026-06-24 19:08:00 +0000,USD,102.2,,https://l.facebook.com/
#1882,x@y.com,paid,2026-06-24 05:38:00 +0000,USD,193.34,,https://l.facebook.com/
#1883,x@y.com,paid,2026-06-24 07:06:00 +0000,USD,92.86,,https://l.facebook.com/
#1884,x@y.com,paid,2026-06-24 18:40:00 +0000,USD,172.28,,https://instagram.com/
#1885,x@y.com,paid,2026-06-24 08:55:00 +0000,USD,147.7,,https://l.facebook.com/
#1886,x@y.com,paid,2026-06-24 00:39:00 +0000,USD,209.78,,https://l.facebook.com/
#1887,x@y.com,paid,2026-06-24 21:47:00 +0000,USD,83.03,,
#1888,x@y.com,refunded,2026-06-24 09:20:00 +0000,USD,165.38,165.38,
#1888,x@y.com,refunded,2026-06-24 09:20:00 +0000,USD,165.38,165.38,
#1889,x@y.com,paid,2026-06-24 00:25:00 +0000,USD,142.44,,
#1890,x@y.com,paid,2026-06-24 01:50:00 +0000,USD,101.12,,https://l.facebook.com/
#1890,x@y.com,paid,2026-06-24 01:50:00 +0000,USD,101.12,,https://l.facebook.com/
#1891,x@y.com,paid,2026-06-24 15:08:00 +0000,USD,161.68,,https://instagram.com/
#1892,x@y.com,paid,2026-06-24 03:26:00 +0000,USD,206.51,,
#1892,x@y.com,paid,2026-06-24 03:26:00 +0000,USD,206.51,,
#1893,x@y.com,paid,2026-06-24 17:21:00 +0000,USD,204.88,,https://instagram.com/
#1893,x@y.com,paid,2026-06-24 17:21:00 +0000,USD,204.88,,https://instagram.com/
#1894,x@y.com,paid,2026-06-24 16:05:00 +0000,USD,136.09,,https://www.google.com/
#1895,x@y.com,paid,2026-06-24 06:08:00 +0000,USD,149.93,,
#1895,x@y.com,paid,2026-06-24 06:08:00 +0000,USD,149.93,,
#1896,x@y.com,paid,2026-06-24 14:46:00 +0000,USD,194.48,,https://instagram.com/
#1896,x@y.com,paid,2026-06-24 14:46:00 +0000,USD,194.48,,https://instagram.com/
#1897,x@y.com,paid,2026-06-24 07:53:00 +0000,USD,168.82,,https://instagram.com/
#1898,x@y.com,paid,2026-06-24 04:01:00 +0000,USD,208.44,,https://l.facebook.com/
#1899,x@y.com,paid,2026-06-24 10:36:00 +0000,USD,195.95,,https://www.google.com/
#1899,x@y.com,paid,2026-06-24 10:36:00 +0000,USD,195.95,,https://www.google.com/
#1900,x@y.com,paid,2026-06-24 13:45:00 +0000,USD,204.24,,https://l.facebook.com/
#1900,x@y.com,paid,2026-06-24 13:45:00 +0000,USD,204.24,,https://l.facebook.com/
#1901,x@y.com,paid,2026-06-24 15:12:00 +0000,USD,139.1,,https://www.google.com/
#1902,x@y.com,paid,2026-06-24 18:36:00 +0000,USD,131.87,,https://instagram.com/
#1903,x@y.com,paid,2026-06-24 23:05:00 +0000,USD,190.57,,
#1903,x@y.com,paid,2026-06-24 23:05:00 +0000,USD,190.57,,
#1904,x@y.com,paid,2026-06-24 04:23:00 +0000,USD,86.07,,
#1905,x@y.com,paid,2026-06-24 10:22:00 +0000,USD,110.13,,https://instagram.com/
#1906,x@y.com,paid,2026-06-24 01:05:00 +0000,USD,161.73,,https://l.facebook.com/
#1907,x@y.com,paid,2026-06-24 13:16:00 +0000,USD,158.79,,https://instagram.com/
#1908,x@y.com,paid,2026-06-24 10:05:00 +0000,USD,171.76,,
#1908,x@y.com,paid,2026-06-24 10:05:00 +0000,USD,171.76,,
#1909,x@y.com,paid,2026-06-24 08:35:00 +0000,USD,172.08,,
#1910,x@y.com,paid,2026-06-24 11:46:00 +0000,USD,172.3,,
#1911,x@y.com,paid,2026-06-24 23:29:00 +0000,USD,108.46,,https://instagram.com/
#1912,x@y.com,paid,2026-06-24 06:35:00 +0000,USD,129.31,,
#1913,x@y.com,paid,2026-06-25 14:49:00 +0000,USD,91.28,,https://www.google.com/
#1914,x@y.com,paid,2026-06-25 08:39:00 +0000,USD,155.84,,
#1914,x@y.com,paid,2026-06-25 08:39:00 +0000,USD,155.84,,
#1915,x@y.com,paid,2026-06-25 11:40:00 +0000,USD,89.18,,https://www.google.com/
#1916,x@y.com,paid,2026-06-25 19:40:00 +0000,USD,195.36,,https://l.facebook.com/
#1917,x@y.com,paid,2026-06-25 06:33:00 +0000,USD,161.12,,https://l.facebook.com/
#1918,x@y.com,paid,2026-06-25 20:51:00 +0000,USD,99.76,,
#1919,x@y.com,paid,2026-06-25 07:46:00 +0000,USD,199.53,,
#1920,x@y.com,paid,2026-06-25 11:02:00 +0000,USD,157.11,,https://l.facebook.com/
#1920,x@y.com,paid,2026-06-25 11:02:00 +0000,USD,157.11,,https://l.facebook.com/
#1921,x@y.com,paid,2026-06-25 22:07:00 +0000,USD,203.29,,https://www.google.com/
#1921,x@y.com,paid,2026-06-25 22:07:00 +0000,USD,203.29,,https://www.google.com/
#1922,x@y.com,paid,2026-06-25 09:58:00 +0000,USD,148.91,,https://l.facebook.com/
#1923,x@y.com,paid,2026-06-25 16:31:00 +0000,USD,190.6,,https://instagram.com/
#1924,x@y.com,paid,2026-06-25 00:51:00 +0000,USD,175.89,,https://instagram.com/
#1925,x@y.com,paid,2026-06-25 23:30:00 +0000,USD,187.52,,https://l.facebook.com/
#1926,x@y.com,paid,2026-06-25 07:41:00 +0000,USD,106.81,,https://l.facebook.com/
#1927,x@y.com,refunded,2026-06-25 23:09:00 +0000,USD,150.89,150.89,https://l.facebook.com/
#1927,x@y.com,refunded,2026-06-25 23:09:00 +0000,USD,150.89,150.89,https://l.facebook.com/
#1928,x@y.com,paid,2026-06-25 10:05:00 +0000,USD,163.67,,
#1929,x@y.com,paid,2026-06-25 20:44:00 +0000,USD,196.76,,
#1930,x@y.com,paid,2026-06-25 18:02:00 +0000,USD,133.82,,
#1931,x@y.com,paid,2026-06-25 09:30:00 +0000,USD,107.59,,
#1931,x@y.com,paid,2026-06-25 09:30:00 +0000,USD,107.59,,
#1932,x@y.com,paid,2026-06-25 22:55:00 +0000,USD,201.31,,https://l.facebook.com/
#1933,x@y.com,paid,2026-06-25 03:00:00 +0000,USD,136.29,,https://l.facebook.com/
#1934,x@y.com,paid,2026-06-25 21:08:00 +0000,USD,120.23,,https://l.facebook.com/
#1935,x@y.com,paid,2026-06-25 12:35:00 +0000,USD,198.11,,https://l.facebook.com/
#1935,x@y.com,paid,2026-06-25 12:35:00 +0000,USD,198.11,,https://l.facebook.com/
#1936,x@y.com,paid,2026-06-25 23:51:00 +0000,USD,208.79,,https://instagram.com/
#1937,x@y.com,paid,2026-06-25 00:45:00 +0000,USD,190.66,,https://l.facebook.com/
#1938,x@y.com,paid,2026-06-25 05:46:00 +0000,USD,103.02,,
#1939,x@y.com,paid,2026-06-25 15:58:00 +0000,USD,209.25,,
#1940,x@y.com,paid,2026-06-25 13:44:00 +0000,USD,143.34,,https://l.facebook.com/
#1940,x@y.com,paid,2026-06-25 13:44:00 +0000,USD,143.34,,https://l.facebook.com/
#1941,x@y.com,paid,2026-06-25 07:59:00 +0000,USD,198.82,,https://instagram.com/
#1942,x@y.com,paid,2026-06-25 01:01:00 +0000,USD,120.26,,https://l.facebook.com/
#1943,x@y.com,paid,2026-06-25 18:41:00 +0000,USD,173.5,,https://l.facebook.com/
#1943,x@y.com,paid,2026-06-25 18:41:00 +0000,USD,173.5,,https://l.facebook.com/
#1944,x@y.com,paid,2026-06-25 10:02:00 +0000,USD,196.79,,https://instagram.com/
#1944,x@y.com,paid,2026-06-25 10:02:00 +0000,USD,196.79,,https://instagram.com/
#1945,x@y.com,paid,2026-06-25 00:22:00 +0000,USD,99.53,,
#1946,x@y.com,paid,2026-06-26 07:15:00 +0000,USD,127.87,,
#1947,x@y.com,paid,2026-06-26 03:30:00 +0000,USD,131.87,,https://www.google.com/
#1947,x@y.com,paid,2026-06-26 03:30:00 +0000,USD,131.87,,https://www.google.com/
#1948,x@y.com,paid,2026-06-26 10:25:00 +0000,USD,166.52,,https://instagram.com/
#1948,x@y.com,paid,2026-06-26 10:25:00 +0000,USD,166.52,,https://instagram.com/
#1949,x@y.com,paid,2026-06-26 04:00:00 +0000,USD,187.21,,https://l.facebook.com/
#1950,x@y.com,paid,2026-06-26 15:29:00 +0000,USD,104.38,,https://www.google.com/
#1951,x@y.com,paid,2026-06-26 18:32:00 +0000,USD,99.1,,
#1952,x@y.com,paid,2026-06-26 18:49:00 +0000,USD,191.52,,https://www.google.com/
#1953,x@y.com,refunded,2026-06-26 15:16:00 +0000,USD,181.82,181.82,https://www.google.com/
#1953,x@y.com,refunded,2026-06-26 15:16:00 +0000,USD,181.82,181.82,https://www.google.com/
#1954,x@y.com,paid,2026-06-26 05:32:00 +0000,USD,116.78,,https://l.facebook.com/
#1955,x@y.com,paid,2026-06-26 12:01:00 +0000,USD,94.73,,https://l.facebook.com/
#1955,x@y.com,paid,2026-06-26 12:01:00 +0000,USD,94.73,,https://l.facebook.com/
#1956,x@y.com,paid,2026-06-26 02:10:00 +0000,USD,179.78,,https://l.facebook.com/
#1957,x@y.com,paid,2026-06-26 13:53:00 +0000,USD,101.61,,https://instagram.com/
#1957,x@y.com,paid,2026-06-26 13:53:00 +0000,USD,101.61,,https://instagram.com/
#1958,x@y.com,paid,2026-06-26 00:03:00 +0000,USD,200.34,,https://l.facebook.com/
#1959,x@y.com,paid,2026-06-26 14:47:00 +0000,USD,143.43,,https://www.google.com/
#1960,x@y.com,paid,2026-06-26 06:45:00 +0000,USD,145.0,,
#1960,x@y.com,paid,2026-06-26 06:45:00 +0000,USD,145.0,,
#1961,x@y.com,refunded,2026-06-26 17:34:00 +0000,USD,132.53,132.53,https://l.facebook.com/
#1962,x@y.com,paid,2026-06-26 04:41:00 +0000,USD,115.32,,https://www.google.com/
#1962,x@y.com,paid,2026-06-26 04:41:00 +0000,USD,115.32,,https://www.google.com/
#1963,x@y.com,paid,2026-06-26 23:40:00 +0000,USD,202.05,,https://instagram.com/
#1964,x@y.com,paid,2026-06-26 13:34:00 +0000,USD,165.48,,https://instagram.com/
#1965,x@y.com,paid,2026-06-26 16:43:00 +0000,USD,190.82,,https://www.google.com/
#1966,x@y.com,paid,2026-06-26 10:35:00 +0000,USD,198.34,,https://l.facebook.com/
#1967,x@y.com,paid,2026-06-26 18:36:00 +0000,USD,207.55,,https://www.google.com/
#1967,x@y.com,paid,2026-06-26 18:36:00 +0000,USD,207.55,,https://www.google.com/
#1968,x@y.com,paid,2026-06-26 21:31:00 +0000,USD,123.69,,
#1969,x@y.com,paid,2026-06-26 16:34:00 +0000,USD,151.49,,https://instagram.com/
#1969,x@y.com,paid,2026-06-26 16:34:00 +0000,USD,151.49,,https://instagram.com/
#1970,x@y.com,paid,2026-06-26 12:04:00 +0000,USD,199.56,,https://instagram.com/
#1971,x@y.com,paid,2026-06-26 20:06:00 +0000,USD,90.57,,https://l.facebook.com/
#1972,x@y.com,paid,2026-06-26 14:36:00 +0000,USD,150.78,,https://l.facebook.com/
#1973,x@y.com,paid,2026-06-26 12:25:00 +0000,USD,162.62,,
#1973,x@y.com,paid,2026-06-26 12:25:00 +0000,USD,162.62,,
#1974,x@y.com,paid,2026-06-26 19:58:00 +0000,USD,181.41,,https://l.facebook.com/
#1975,x@y.com,paid,2026-06-26 07:44:00 +0000,USD,194.27,,
#1976,x@y.com,paid,2026-06-26 02:38:00 +0000,USD,167.32,,https://l.facebook.com/
#1977,x@y.com,paid,2026-06-26 23:24:00 +0000,USD,148.84,,https://www.google.com/
#1977,x@y.com,paid,2026-06-26 23:24:00 +0000,USD,148.84,,https://www.google.com/
#1978,x@y.com,paid,2026-06-26 02:28:00 +0000,USD,117.83,,https://instagram.com/
#1979,x@y.com,paid,2026-06-26 09:35:00 +0000,USD,167.87,,
#1979,x@y.com,paid,2026-06-26 09:35:00 +0000,USD,167.87,,
#1980,x@y.com,paid,2026-06-26 11:16:00 +0000,USD,207.52,,https://l.facebook.com/
#1981,x@y.com,paid,2026-06-26 21:28:00 +0000,USD,99.07,,
#1982,x@y.com,paid,2026-06-26 03:45:00 +0000,USD,154.37,,
#1983,x@y.com,paid,2026-06-26 14:40:00 +0000,USD,85.26,,https://l.facebook.com/
#1984,x@y.com,paid,2026-06-26 07:02:00 +0000,USD,189.48,,https://instagram.com/
#1985,x@y.com,paid,2026-06-26 12:13:00 +0000,USD,112.26,,https://instagram.com/
#1986,x@y.com,paid,2026-06-26 11:33:00 +0000,USD,79.73,,https://l.facebook.com/
#1987,x@y.com,paid,2026-06-26 14:06:00 +0000,USD,154.14,,
#1988,x@y.com,paid,2026-06-26 13:58:00 +0000,USD,163.34,,https://instagram.com/
#1988,x@y.com,paid,2026-06-26 13:58:00 +0000,USD,163.34,,https://instagram.com/
#1989,x@y.com,paid,2026-06-26 17:03:00 +0000,USD,100.93,,https://www.google.com/
#1990,x@y.com,paid,2026-06-26 18:46:00 +0000,USD,86.99,,
#1990,x@y.com,paid,2026-06-26 18:46:00 +0000,USD,86.99,,
#1991,x@y.com,refunded,2026-06-27 18:28:00 +0000,USD,202.33,202.33,https://l.facebook.com/
#1991,x@y.com,refunded,2026-06-27 18:28:00 +0000,USD,202.33,202.33,https://l.facebook.com/
#1992,x@y.com,paid,2026-06-27 22:12:00 +0000,USD,117.68,,https://instagram.com/
#1993,x@y.com,paid,2026-06-27 13:08:00 +0000,USD,143.37,,
#1994,x@y.com,paid,2026-06-27 07:15:00 +0000,USD,125.54,,https://l.facebook.com/
#1995,x@y.com,paid,2026-06-27 12:27:00 +0000,USD,113.52,,
#1996,x@y.com,paid,2026-06-27 08:21:00 +0000,USD,135.26,,https://www.google.com/
#1997,x@y.com,paid,2026-06-27 08:32:00 +0000,USD,139.08,,
#1998,x@y.com,paid,2026-06-27 09:24:00 +0000,USD,178.97,,https://l.facebook.com/
#1999,x@y.com,paid,2026-06-27 14:37:00 +0000,USD,200.35,,https://instagram.com/
#2000,x@y.com,paid,2026-06-27 00:38:00 +0000,USD,128.53,,https://l.facebook.com/
#2001,x@y.com,paid,2026-06-27 02:22:00 +0000,USD,85.69,,
#2002,x@y.com,paid,2026-06-27 17:19:00 +0000,USD,99.52,,https://www.google.com/
#2003,x@y.com,paid,2026-06-27 23:36:00 +0000,USD,151.31,,https://instagram.com/
#2004,x@y.com,paid,2026-06-27 20:21:00 +0000,USD,140.55,,
#2005,x@y.com,paid,2026-06-27 20:11:00 +0000,USD,118.68,,
#2006,x@y.com,refunded,2026-06-27 04:01:00 +0000,USD,157.77,157.77,
#2007,x@y.com,paid,2026-06-27 18:49:00 +0000,USD,150.63,,https://instagram.com/
#2007,x@y.com,paid,2026-06-27 18:49:00 +0000,USD,150.63,,https://instagram.com/
#2008,x@y.com,paid,2026-06-27 10:49:00 +0000,USD,156.89,,https://instagram.com/
#2009,x@y.com,paid,2026-06-27 21:04:00 +0000,USD,91.22,,https://www.google.com/
#2010,x@y.com,paid,2026-06-27 09:07:00 +0000,USD,146.73,,https://www.google.com/
#2011,x@y.com,paid,2026-06-27 17:55:00 +0000,USD,141.71,,https://l.facebook.com/
#2012,x@y.com,paid,2026-06-27 17:50:00 +0000,USD,135.36,,https://www.google.com/
#2013,x@y.com,refunded,2026-06-27 08:48:00 +0000,USD,142.32,142.32,
#2014,x@y.com,paid,2026-06-27 12:06:00 +0000,USD,112.73,,
#2015,x@y.com,paid,2026-06-27 09:18:00 +0000,USD,119.85,,https://www.google.com/
#2016,x@y.com,paid,2026-06-27 01:51:00 +0000,USD,118.14,,https://l.facebook.com/
#2017,x@y.com,paid,2026-06-27 11:32:00 +0000,USD,168.87,,https://www.google.com/
#2018,x@y.com,paid,2026-06-27 02:16:00 +0000,USD,114.28,,https://www.google.com/
#2019,x@y.com,paid,2026-06-27 16:26:00 +0000,USD,152.86,,https://instagram.com/
#2020,x@y.com,paid,2026-06-27 16:39:00 +0000,USD,131.58,,https://www.google.com/
#2020,x@y.com,paid,2026-06-27 16:39:00 +0000,USD,131.58,,https://www.google.com/
#2021,x@y.com,paid,2026-06-27 12:46:00 +0000,USD,146.41,,https://l.facebook.com/
#2022,x@y.com,paid,2026-06-27 21:49:00 +0000,USD,209.98,,
#2023,x@y.com,paid,2026-06-27 12:56:00 +0000,USD,178.11,,
#2024,x@y.com,paid,2026-06-28 16:13:00 +0000,USD,173.5,,https://instagram.com/
#2025,x@y.com,paid,2026-06-28 12:00:00 +0000,USD,184.35,,https://instagram.com/
#2026,x@y.com,refunded,2026-06-28 08:12:00 +0000,USD,172.79,172.79,
#2027,x@y.com,paid,2026-06-28 07:43:00 +0000,USD,178.78,,https://l.facebook.com/
#2028,x@y.com,paid,2026-06-28 04:37:00 +0000,USD,183.34,,https://l.facebook.com/
#2029,x@y.com,paid,2026-06-28 15:11:00 +0000,USD,144.69,,https://l.facebook.com/
#2029,x@y.com,paid,2026-06-28 15:11:00 +0000,USD,144.69,,https://l.facebook.com/
#2030,x@y.com,paid,2026-06-28 03:21:00 +0000,USD,150.17,,https://l.facebook.com/
#2031,x@y.com,paid,2026-06-28 04:20:00 +0000,USD,111.32,,
#2032,x@y.com,paid,2026-06-28 04:08:00 +0000,USD,139.88,,https://l.facebook.com/
#2032,x@y.com,paid,2026-06-28 04:08:00 +0000,USD,139.88,,https://l.facebook.com/
#2033,x@y.com,paid,2026-06-28 17:48:00 +0000,USD,176.58,,https://instagram.com/
#2034,x@y.com,paid,2026-06-28 09:27:00 +0000,USD,183.27,,
#2034,x@y.com,paid,2026-06-28 09:27:00 +0000,USD,183.27,,
#2035,x@y.com,paid,2026-06-28 13:01:00 +0000,USD,113.15,,https://www.google.com/
#2035,x@y.com,paid,2026-06-28 13:01:00 +0000,USD,113.15,,https://www.google.com/
#2036,x@y.com,paid,2026-06-28 14:06:00 +0000,USD,207.97,,https://www.google.com/
#2037,x@y.com,paid,2026-06-28 11:47:00 +0000,USD,125.27,,https://www.google.com/
#2038,x@y.com,paid,2026-06-28 21:06:00 +0000,USD,167.23,,https://instagram.com/
#2039,x@y.com,paid,2026-06-28 08:26:00 +0000,USD,138.46,,
#2040,x@y.com,paid,2026-06-28 09:52:00 +0000,USD,104.8,,
#2041,x@y.com,paid,2026-06-28 05:31:00 +0000,USD,132.79,,
#2042,x@y.com,paid,2026-06-28 09:30:00 +0000,USD,204.58,,
#2042,x@y.com,paid,2026-06-28 09:30:00 +0000,USD,204.58,,
#2043,x@y.com,refunded,2026-06-28 13:26:00 +0000,USD,176.85,176.85,https://www.google.com/
#2044,x@y.com,paid,2026-06-28 03:00:00 +0000,USD,144.23,,https://instagram.com/
#2044,x@y.com,paid,2026-06-28 03:00:00 +0000,USD,144.23,,https://instagram.com/
#2045,x@y.com,paid,2026-06-28 23:00:00 +0000,USD,177.41,,https://instagram.com/
#2046,x@y.com,paid,2026-06-28 22:37:00 +0000,USD,191.93,,https://instagram.com/
#2047,x@y.com,paid,2026-06-28 00:45:00 +0000,USD,171.69,,
#2048,x@y.com,paid,2026-06-28 04:09:00 +0000,USD,168.71,,https://l.facebook.com/
#2049,x@y.com,paid,2026-06-28 20:39:00 +0000,USD,184.92,,
#2050,x@y.com,paid,2026-06-28 22:29:00 +0000,USD,144.24,,https://www.google.com/
#2051,x@y.com,paid,2026-06-28 09:24:00 +0000,USD,154.72,,https://instagram.com/
#2052,x@y.com,paid,2026-06-28 07:25:00 +0000,USD,83.99,,https://instagram.com/
#2053,x@y.com,refunded,2026-06-28 23:43:00 +0000,USD,189.35,189.35,
#2054,x@y.com,paid,2026-06-28 23:48:00 +0000,USD,93.43,,https://l.facebook.com/
#2055,x@y.com,paid,2026-06-28 03:56:00 +0000,USD,159.99,,https://www.google.com/
#2056,x@y.com,paid,2026-06-28 01:57:00 +0000,USD,101.86,,https://instagram.com/
#2057,x@y.com,refunded,2026-06-28 08:59:00 +0000,USD,175.36,175.36,
#2058,x@y.com,paid,2026-06-28 10:47:00 +0000,USD,99.87,,https://instagram.com/
#2059,x@y.com,paid,2026-06-28 18:08:00 +0000,USD,194.34,,https://l.facebook.com/
#2060,x@y.com,paid,2026-06-29 05:27:00 +0000,USD,180.87,,https://www.google.com/
#2061,x@y.com,paid,2026-06-29 09:46:00 +0000,USD,125.89,,https://www.google.com/
#2062,x@y.com,paid,2026-06-29 17:44:00 +0000,USD,147.34,,
#2063,x@y.com,paid,2026-06-29 19:20:00 +0000,USD,139.98,,https://instagram.com/
#2064,x@y.com,paid,2026-06-29 22:12:00 +0000,USD,189.32,,https://l.facebook.com/
#2064,x@y.com,paid,2026-06-29 22:12:00 +0000,USD,189.32,,https://l.facebook.com/
#2065,x@y.com,paid,2026-06-29 23:36:00 +0000,USD,195.19,,
#2066,x@y.com,paid,2026-06-29 02:02:00 +0000,USD,88.92,,https://l.facebook.com/
#2066,x@y.com,paid,2026-06-29 02:02:00 +0000,USD,88.92,,https://l.facebook.com/
#2067,x@y.com,paid,2026-06-29 04:08:00 +0000,USD,113.34,,https://l.facebook.com/
#2068,x@y.com,paid,2026-06-29 14:40:00 +0000,USD,203.59,,https://l.facebook.com/
#2069,x@y.com,paid,2026-06-29 07:59:00 +0000,USD,122.85,,
#2070,x@y.com,paid,2026-06-29 17:03:00 +0000,USD,160.93,,
#2071,x@y.com,paid,2026-06-29 00:43:00 +0000,USD,126.49,,https://instagram.com/
#2072,x@y.com,paid,2026-06-29 16:24:00 +0000,USD,83.27,,https://l.facebook.com/
#2073,x@y.com,paid,2026-06-29 11:45:00 +0000,USD,128.19,,
#2074,x@y.com,paid,2026-06-29 01:04:00 +0000,USD,194.73,,https://l.facebook.com/
#2075,x@y.com,paid,2026-06-29 22:09:00 +0000,USD,96.81,,https://l.facebook.com/
#2076,x@y.com,paid,2026-06-29 04:11:00 +0000,USD,190.28,,https://instagram.com/
#2077,x@y.com,paid,2026-06-29 12:19:00 +0000,USD,175.32,,
#2078,x@y.com,paid,2026-06-29 22:39:00 +0000,USD,144.27,,https://www.google.com/
#2078,x@y.com,paid,2026-06-29 22:39:00 +0000,USD,144.27,,https://www.google.com/
#2079,x@y.com,paid,2026-06-29 21:51:00 +0000,USD,206.94,,
#2080,x@y.com,paid,2026-06-29 13:34:00 +0000,USD,103.62,,
#2081,x@y.com,paid,2026-06-29 20:58:00 +0000,USD,193.64,,https://l.facebook.com/
#2082,x@y.com,paid,2026-06-29 10:24:00 +0000,USD,87.77,,https://www.google.com/
#2083,x@y.com,paid,2026-06-29 06:12:00 +0000,USD,152.2,,https://www.google.com/
#2084,x@y.com,paid,2026-06-29 04:44:00 +0000,USD,99.93,,
#2084,x@y.com,paid,2026-06-29 04:44:00 +0000,USD,99.93,,
#2085,x@y.com,paid,2026-06-29 11:12:00 +0000,USD,201.42,,
#2085,x@y.com,paid,2026-06-29 11:12:00 +0000,USD,201.42,,
#2086,x@y.com,paid,2026-06-29 13:06:00 +0000,USD,141.98,,https://www.google.com/
#2086,x@y.com,paid,2026-06-29 13:06:00 +0000,USD,141.98,,https://www.google.com/
#2087,x@y.com,paid,2026-06-29 04:19:00 +0000,USD,159.81,,https://l.facebook.com/
#2088,x@y.com,paid,2026-06-29 19:36:00 +0000,USD,156.15,,https://instagram.com/
#2089,x@y.com,paid,2026-06-29 08:42:00 +0000,USD,196.62,,https://instagram.com/
#2090,x@y.com,paid,2026-06-29 13:34:00 +0000,USD,190.54,,https://instagram.com/
#2091,x@y.com,paid,2026-06-29 06:01:00 +0000,USD,80.57,,https://www.google.com/
#2092,x@y.com,paid,2026-06-29 06:36:00 +0000,USD,78.66,,https://www.google.com/
#2093,x@y.com,paid,2026-06-29 13:40:00 +0000,USD,92.07,,
#2094,x@y.com,paid,2026-06-29 08:17:00 +0000,USD,85.89,,https://instagram.com/
#2095,x@y.com,paid,2026-06-29 10:18:00 +0000,USD,92.13,,https://l.facebook.com/
#2096,x@y.com,paid,2026-06-29 12:02:00 +0000,USD,199.6,,https://l.facebook.com/
#2097,x@y.com,paid,2026-06-29 03:35:00 +0000,USD,120.21,,
#2098,x@y.com,paid,2026-06-29 14:43:00 +0000,USD,143.49,,https://www.google.com/
#2099,x@y.com,paid,2026-06-30 19:29:00 +0000,USD,183.56,,https://instagram.com/
#2100,x@y.com,paid,2026-06-30 14:34:00 +0000,USD,197.31,,
#2101,x@y.com,paid,2026-06-30 14:42:00 +0000,USD,163.16,,https://l.facebook.com/
#2102,x@y.com,paid,2026-06-30 05:54:00 +0000,USD,164.38,,https://l.facebook.com/
#2103,x@y.com,paid,2026-06-30 05:22:00 +0000,USD,162.06,,https://l.facebook.com/
#2103,x@y.com,paid,2026-06-30 05:22:00 +0000,USD,162.06,,https://l.facebook.com/
#2104,x@y.com,paid,2026-06-30 13:43:00 +0000,USD,128.37,,https://www.google.com/
#2105,x@y.com,paid,2026-06-30 16:55:00 +0000,USD,91.93,,https://instagram.com/
#2106,x@y.com,paid,2026-06-30 22:54:00 +0000,USD,88.14,,https://l.facebook.com/
#2107,x@y.com,paid,2026-06-30 02:44:00 +0000,USD,180.2,,
#2108,x@y.com,paid,2026-06-30 17:44:00 +0000,USD,164.65,,https://l.facebook.com/
#2109,x@y.com,paid,2026-06-30 04:07:00 +0000,USD,113.53,,https://l.facebook.com/
#2109,x@y.com,paid,2026-06-30 04:07:00 +0000,USD,113.53,,https://l.facebook.com/
#2110,x@y.com,refunded,2026-06-30 06:07:00 +0000,USD,135.62,135.62,https://l.facebook.com/
#2111,x@y.com,paid,2026-06-30 05:26:00 +0000,USD,105.12,,
#2112,x@y.com,refunded,2026-06-30 02:27:00 +0000,USD,148.29,148.29,https://www.google.com/
#2113,x@y.com,paid,2026-06-30 09:16:00 +0000,USD,108.48,,https://l.facebook.com/
#2114,x@y.com,paid,2026-06-30 14:44:00 +0000,USD,96.88,,https://instagram.com/
#2114,x@y.com,paid,2026-06-30 14:44:00 +0000,USD,96.88,,https://instagram.com/
#2115,x@y.com,paid,2026-06-30 17:19:00 +0000,USD,124.54,,https://l.facebook.com/
#2116,x@y.com,paid,2026-06-30 07:04:00 +0000,USD,113.24,,
#2117,x@y.com,paid,2026-06-30 15:11:00 +0000,USD,80.29,,
#2118,x@y.com,paid,2026-06-30 22:17:00 +0000,USD,208.01,,https://l.facebook.com/
#2118,x@y.com,paid,2026-06-30 22:17:00 +0000,USD,208.01,,https://l.facebook.com/
#2119,x@y.com,refunded,2026-06-30 06:41:00 +0000,USD,171.34,171.34,https://l.facebook.com/
#2120,x@y.com,paid,2026-06-30 21:18:00 +0000,USD,204.62,,https://www.google.com/
#2121,x@y.com,paid,2026-06-30 17:50:00 +0000,USD,184.35,,https://www.google.com/
#2122,x@y.com,paid,2026-06-30 14:41:00 +0000,USD,208.05,,https://l.facebook.com/
#2123,x@y.com,paid,2026-06-30 22:48:00 +0000,USD,163.14,,
#2124,x@y.com,paid,2026-06-30 23:02:00 +0000,USD,170.93,,https://l.facebook.com/
#2125,x@y.com,paid,2026-06-30 00:10:00 +0000,USD,208.98,,https://l.facebook.com/
#2126,x@y.com,paid,2026-06-30 06:47:00 +0000,USD,125.85,,https://l.facebook.com/
#2127,x@y.com,paid,2026-06-30 10:02:00 +0000,USD,99.65,,https://instagram.com/
#2128,x@y.com,paid,2026-06-30 20:29:00 +0000,USD,106.99,,
#2129,x@y.com,refunded,2026-06-30 07:22:00 +0000,USD,195.61,195.61,https://instagram.com/
#2130,x@y.com,paid,2026-06-30 06:29:00 +0000,USD,178.04,,https://l.facebook.com/
#2131,x@y.com,paid,2026-06-30 06:10:00 +0000,USD,194.66,,https://instagram.com/
#2131,x@y.com,paid,2026-06-30 06:10:00 +0000,USD,194.66,,https://instagram.com/
#2132,x@y.com,paid,2026-06-30 18:54:00 +0000,USD,162.26,,https://instagram.com/
#2133,x@y.com,paid,2026-06-30 05:39:00 +0000,USD,103.28,,https://l.facebook.com/
#2134,x@y.com,paid,2026-06-30 07:33:00 +0000,USD,88.96,,
#2134,x@y.com,paid,2026-06-30 07:33:00 +0000,USD,88.96,,
#2135,x@y.com,paid,2026-06-30 01:58:00 +0000,USD,196.34,,https://www.google.com/
#2136,x@y.com,paid,2026-06-30 07:11:00 +0000,USD,125.84,,
#2137,x@y.com,paid,2026-06-30 20:28:00 +0000,USD,208.5,,https://www.google.com/
#2137,x@y.com,paid,2026-06-30 20:28:00 +0000,USD,208.5,,https://www.google.com/
#2138,x@y.com,paid,2026-06-30 05:21:00 +0000,USD,150.34,,https://l.facebook.com/
#2138,x@y.com,paid,2026-06-30 05:21:00 +0000,USD,150.34,,https://l.facebook.com/
#2139,x@y.com,refunded,2026-06-30 05:23:00 +0000,USD,181.83,181.83,
